Year,Date,Amount,Description,Category,Sold By,Importance
2019,14/11/2019,169.85,FIFA 20 Standard Edition (PS4) - UAE Version,Gaming, Gadgetsbay ⭐️⭐️⭐️⭐️⭐️,Low 
2019,14/11/2019,182.15,Call Of Duty: Modern Warfare 2019 (PS4) - UAE NMC Version,Gaming,G_sPark,Low 
2019,21/10/2019,24.99,Airpods 2 Case with Keychain - Waterproof Silicone Cover Airpods Accessories for AirPods 2 Wireless Charging Case (New - Black),Gadget Acessories,Talent.llc,High
2019,21/10/2019,69.00,"Sunfood, Raw Organic Black Maca Powder, 4 oz (113 g)",Supplements ,Esthetica,Medium
2020,22/01/2020,53.99,Natural Feelings Mens Boxer Shorts Cotton Trunks Breathable Mens Underwear Boxer Briefs,Garments,Natural Feelings Republic,High
2020,29/01/2020,72.64,Love Her Wild: Poems,Books ,Love Her Wild: Poems,Medium
2020,29/01/2020,71.99,Natural Feelings Mens Boxer Shorts Cotton Trunks Breathable Mens Underwear Boxer Briefs,Garments,Natural Feelings Republic,High
2020,15/04/2020,148.00,BSN Syntha 6 Whey Protein Powder 5 lbs - Banana,Supplements ,Centro Mall Middle East,Medium 
2020,15/05/2020,38.99,UPKOCH Stainless Steel Egg Ring Non-Stick Egg Mold Egg Cooker Round Breakfast Household Mold Tool Cooking Tool 2pcs,Kitchen Acessories ,Winkler,Low 
2020,20/05/2020,171.00,"Himalaya, Ashwagandha, Releases Stress & Boosts Energy, 60 Caplets",Supplements ,Elegance-Fashion,High
2020,05/11/2020,34.55,Selfie Ring Light with Cell Phone Holder Stand for Live Stream/Makeup LED Camera Lighting [3-Light Mode] [10-Level Brightness] with Flexible Arms Compatible with iPhone 8 7 6 Plus X Android,Blogging,Selfie Ring Light with Cell Phone Holder Stand for Live Stream/Makeup LED Camera Lighting [3-Light Mode] [10-Level Brightness] with Flexible Arms Compatible with iPhone 8 7 6 Plus X Android,Low 
2020,14/11/2020,40.00,"Tripod, 50 Inch Aluminum Tripod, Video Tripod for Cellphone, Camera, Universal Tripod with Wireless Remote, Compatible with iPhone Xs/Xr/X/8/8 Plus/Samsung Galaxy/Google/GoPro Hero",Blogging,use-STINTY online,Low 
2020,14/11/2020,50.00,Clear Shoes Boxes Magnetic Side Open Transparent Sneaker Storage Shoes Box Stackable Foldable Storage Shoe Boxes -One Box,Sneaker Acessories ,R180489,
2020,14/11/2020,54.39,"LUMINOSUM LED Light Strip Warm White Kit Dimmable, 5M SMD5050 300LEDs Waterproof, with RF Dimmer Controller & DC 12V 5A Power Adapter",Home Imporvement,LUMINOSUM_uae,Low 
2021,15/01/2021,129.00,"Beard Growth Kit, Beard Growth Roller, Beard Growth Oil, Beard Wash, Beard Balm, Beard Comb, Beard Brush,Beard Scissors, Beard Ornament for Men's Gift with Free E-Book",Grooming ,Venstsel-AE,Low 
2021,30/01/2021,305.00,Sky Land Sauna Family Pink Small - EM-9209,Health & Fitness,TOPSKYLAND Seller0543084588,Low 
2021,30/01/2021,20.00,Extended Warranty ,Warranty,Helpbit Home Services,Low 
2021,01/02/2021,100.24,"NOW Ashwaghanda Extract 450 mg, 90 Veg Capsules",Supplements ,Elegance-Fashion,High
2021,01/02/2021,85.00,"SPE USB LED Light Strip with RF Remote Control - X-Large (156"" / 4m) - Multi-Color RGB 5050 - Dimmer Controller, 3M Adhesive Tape for Home, Kitchen, TV Backlight, Computer, Monitor",Home Imporvement,SATYAMEV,Low 
2021,01/02/2021,44.50,Professional Marble Hair Dryer Stand Table Type Dryer Holder Specially for Salon Hotel Use Black,Home Acessories,Viya Beauty ,Medium
2021,02/03/2021,102.78,"AMERICAN CREW Fiber, 85 gm",Grooming ,Amazon.ae,Low 
2021,08/03/2021,263.90,"Sanabul Essentials V.2 Ultra Light Preshrunk Bjj Jiu Jitsu Gi (Blue, A2) (See Special Sizing Guide)",BJJ Accessories,Sanabul,Medium
2021,08/03/2021,44.90,Sanabul Bjj Belt White A2,BJJ Accessories,Sanabul,Medium
2021,05/04/2021,169.00,Beats Flex – All-Day Wireless Earphones – Beats Black,Gadgets,Amazon.ae,High
2021,07/05/2021,99.00,CoCo melon & JJ dolls pack of ( 2 ) doll plush toy for boys and girls babies toddler gift toy standard size toys coco melon,Gifts ,UMATRIX,Medium
2021,07/05/2021,150.00,Kiwicool 3 in 1 Kids Tricycles for 1.5-4 Years Old Kids Trike 3 Wheel Bike Boys Girls 3 Wheels Toddler Tricycles (White),Gifts ,Amazon.ae,Medium
2021,17/05/2021,33.99,"Professional Stainless Steel Business Card Holder Case, 3.7 x 2.3 x 0.3 inches, Silver (Silver)",Wallet Accessories,LaLaV ero,Medium
2021,03/06/2021,48.35,"Old Spice Original Shower Gel For Men, 3 x 250 ml",Toiletries ,Amazon.ae,High
2021,03/06/2021,38.99,Listerine Cool Mint Mouthwash - Pack of 3 Bottles (3 x 500 ml),Toiletries ,Amazon.ae,High
2021,03/06/2021,30.00,Tongue Scraper 2 Pack - 100% Stainless Steel Tounge scrapers Tongue Care Tool - Best Metal Tongue Cleaner for Adults Oral Hygiene Tongue Scrapers,Grooming ,Avooli,High
2021,29/06/2021,69.99,[50 Sets] Disposable Coffee Cups with Lids and Sleeves - 16 oz. White Hot Paper Cup,Coffee Acessories ,MARKQ-AE,Medium
2021,29/06/2021,60.48,C-Slide RFID Blocking Card 4 Pack - NFC Contactless Bank Debit Credit Card Protector Blocker - Protect Wallet and Purse from Electronic Theft,Wallet Accessories,Amazon US,Low 
2021,29/06/2021,110.37,"NOW Sports L-Carnitine Liquid, 3000 mg, 16 oz",Supplements ,Amazon.ae,High
2021,29/06/2021,499.00,"nutribullet Full Size Blender + Combo 1000 Watts, 9 Piece Set, Multi-Function High Speed Blender, Mixer System with Nutrient Extractor, Smoothie Maker, Dark Grey",Appliance,Amazon.ae,Medium
2021,29/06/2021,55.90,"HassanOuld 53mm Calibrated Espresso Tamper, Santo Coffee Tamper with Spring Loaded Flat Stainless Steel Base",Coffee Acessories ,UnderworldOnline,Medium
2021,29/06/2021,35.83,"Maple Joe Syrup, 250 gm (Pack of 1)",Food Consumables,Amazon.ae,Low 
2021,29/06/2021,180.00,Crep Protect The Ultimate Box Pack,Sneakers ,Simaa General Trading LLC,High
2021,29/06/2021,198.48,"Heimvision Sunrise Alarm Clock, Smart Wake up Light Sleep Aid Digital Alarm Clock with Sunset Simulation and FM Radio, 4 Alarms /7 Alarm Sounds/Snooze/20 Brightness",Home Gadget ,Amazon.ae,High
2021,29/06/2021,39.00,"Coffee Grinder Cleaning Brush, Espresso Maker/Machine Cleaner Tool, Wood Handle & Natural Bristles Wood Dusting Espresso Brush Accessories, Coffee Brush",Coffee Acessories ,Kitchen MasterMe,
2021,29/06/2021,25.10,Rich Dad Poor Dad: What the Rich Teach Their Kids About Money That the Poor and Middle Class Do Not!,Books ,Amazon.ae,Medium
2021,29/06/2021,54.99,"Coffee Tamper NEOUZA 53mm Coffee Distributor & Tamper 2 in 1,Dual Head Coffee Leveler Fits for 54mm Breville Portafilter, Adjustable Depth- Professional Espresso Hand Tampers",Coffee Acessories ,Neouza UAE,Medium
2021,29/06/2021,15.00,"Joyevic Espresso Silicone Mat,Espresso Tamper Mat,Coffee Tamp Mat Silicone Coffee Tamper Mat,",Coffee Acessories ,Amazon.ae,Medium
2021,29/06/2021,65.00,"Shoes/Sneakers Complete Care Kit- Clean, Restore, Protect and Deodorize Your Shoes",Sneaker Acessories ,Express Quality Shop ,Medium
2021,29/06/2021,59.00,"Espresso Coffee Stirrer with Holder, Stainless Steel Coffee Stirrer Needle Distributor, Needle Type Hand Tampers, 58mm 54mm 51mm (Walnut)",Coffee Acessories ,ADY_UAE,Low 
2021,29/06/2021,33.99,"Stainless Steel Money Clip, SourceTon 4 Pack Slim Wallet, Credit Card Holder, Minimalist Wallet - Silver",Wallet Accessories,Sourceton AE,Low 
2021,29/06/2021,50.00,The coolest set of 2 cortado and espresso coffee glasses,Coffee Acessories ,Lamarz Café,Low 
2021,29/06/2021,569.00,"Cougar Gaming Chair Armor One, Steel-Frame, Breathable PVC Leather, 180° Recliner System, 120Kg Weight Capacity, 2D Adjustable Arm-Rest, Steel 5-Star Base",Furniture,GamKart_Uae,Medium
2021,29/06/2021,28.00,"RoyalPolar Food Scale, Multifunction Digital Kitchen Scale High Accuracy Electronic Food Weight with Large LCD Display, Stainless Steel Platform, Ultra Slim, From 11lb/5kg up to 33lb/15kg (Black, 10)",Kitchen Acessories ,ROYAL POLAR,High
2021,30/06/2021,35.20,"SKEIDO Coffee Knock Box, Espresso Knock Box for Barista Coffee Grind Knock Box Anti-slip Espresso Dump Bin Grind Waste Bin (Black)",Coffee Acessories ,Seven-11,Medium
2021,30/06/2021,50.02,"NEXT-SHINE Digital Kitchen Scale 500 x 0.01 Gram, Pocket Size with PCS Tare Switch Weighing Units Function, Stainless Steel Platform",Kitchen Acessories ,TE TE -UAE,Medium
2021,09/07/2021,49.99,"Morkka Shot Glasses Measuring cup Liquid Heavy Glass, Espresso Shot Glass, Measurement 30ML (measuring cup 4 pcs)",Coffee Acessories ,ChampionShop,Medium
2021,15/07/2021,53.00,"MMG Adjustable Compression Knee Support Brace for Men Women - Running, Workout New Generation Size L (Pair Pack)",Fitness Acessories,Technovation FZE,High
2021,03/08/2021,45.60,"UGREEN iPhone Charging Cable 2M Nylon braided [Apple MFi Certified] Lightning Cord Compatible for New iPhone 12 mini/12/12 Pro/12 Pro Max, 11/11Pro/XS/XS Max/XR/X/ 8/8 Plus/ 7/7 plus/ 6s/6sP/ 6/6p",Phone Acessories,UGREEN GROUP LIMITED UAE,High
2021,03/08/2021,18.70,MMG Cable Clips Holder 2Pack Desktop Cable Management System Cable Organizer For Power Cords And Charging Cables - Black,Home Imporvement,Technovation FZE,Medium
2021,03/08/2021,59.00,"UGREEN iPhone Charging Cable [Apple MFi Certified] Lightning Cord compatible for New iPhone 12 mini/12/12 Pro/12 Pro Max, 11/11Pro/XS/XS Max/XR/X/ 8/8 Plus/ 7/7 plus/ 6s/6sPlus/ 6/6plus- 1M Red",Phone Acessories,UGREEN GROUP LIMITED UAE,High
2021,03/08/2021,22.05,"Prestige Measuring Jug, Clear - Pr50181",Kitchen Acessories ,Amazon.ae,High
2021,01/09/2021,69.00,"Crep Protect Spray, Multicoloured, One Size",Sneaker Acessories ,SPORTS HOUSE STORE,High
2021,10/09/2021,59.00,PEGANT USB Plug Wall Charger Power Adapter 5-in-1 Universal Outlet Extender 1 Socket Extension 3 USB-A and 1 Type-C Ports for iPhone Smartphones Tablets and more,Home Imporvement, PEGANT,Medium
2021,10/09/2021,23.99,"Professional Stainless Steel Business Card Holder Case, 3.7 x 2.3 x 0.3 inches, Silver (Silver)",Wallet Accessories,LaLaVero,Medium
2021,10/09/2021,48.35,"Old Spice Original Shower Gel For Men, 3 x 250 ml",Toiletries ,Amazon.ae,High
2021,10/09/2021,59.99,"LED Light Strip for Bedroom - JESLED 5M Bluetooth RGB LED Strip Lights Kit with Remote, Sync to Music, App Controlled Color Changing SMD 5050 Rope Light for Kitchen Room Party Home DIY Decoration…",Home Imporvement,JESLED AE Direct,Low 
2021,10/09/2021,59.00,Mumoo Bear Night Light Baby Star Projector,Home Imporvement,Amazon.ae,Low 
2021,10/09/2021,14.64,Torix 3 Meter Magic Improvement Double Sided Tape mounting Transparent Trace less Acrylic Reuse washable Waterproof Adhesive Tape 3m,Home Imporvement,Amazon.ae,Medium
2021,15/09/2021,65.00,Crep Protect - Sneaker Shields (Large) UK - 7-12.5 US - 8-13.5,Sneaker Acessories ,SPORTS HOUSE STORE,Low 
2021,15/09/2021,50.00,Crep Protect The Ultimate Shoe Freshener Pill,Sneaker Acessories ,Ameeraty,Medium
2021,15/09/2021,320.49,"VASAGLE ALINRU Baker’s Rack with Shelves, Kitchen Shelf with Wire Basket, 6 S-Hooks, Microwave Oven Stand, Utility Storage for Spices, Pots, and Pans, Rustic Brown and Black KKS35X",Coffee Acessories ,Amazon.ae,High
2021,15/09/2021,9.00,"2 in 1 Sponge Rack Shelf Soap Detergent Dispenser Pump, Large Capacity with Sponge, 1 Hand Operation",Kitchen Acessories ,Amazon.ae,Medium
2021,15/09/2021,46.99,"LENCENT 2Pcs World to UK Travel Adapter, Visitor from USA/Europe/China/Australia to 3 Pin UK Adapter Plug [USA to UK Adapter/EU to UK adapter]",Gadget Acessories,LENCENT UAE,Medium
2021,15/09/2021,29.90,Small size Horse hair shoe polishing shoe cleaning brush,Sneaker Acessories ,ShoeTree⭐️⭐️⭐️⭐️⭐️,High
2021,15/09/2021,50.00,"LED Strip Connector Kit for 5050 10mm 4Pin,Includes 8 Types of Solderless LED Strip Accessories,Provides Most Parts for DIY",Home Imporvement,ZPT Electronics Trading LLC - Dubai,Low 
2021,20/09/2021,46.00,"Ikea GLUFSA Book-end Holder, Stainless Steel - Pack of 2",Home Imporvement," Dubai-Store, UAE",Medium
2021,20/09/2021,25.00,Kiwi Shoe Polish Black 50ml,Sneaker Acessories ,RelianceBooks UAE,High
2021,20/09/2021,15.00,Asmaco Spray Paint Brown,Home Imporvement,HASANAT WEBSTORE,Medium
2021,20/09/2021,11.30,Pledge Original Furniture Polish - 300 ml,Home Imporvement,Amazon.ae,Medium
2021,20/09/2021,16.00,"Brasso Multi-purpose Metal Polish Brass, Copper, Stainless Steel Cleaner Liquid 200 Ml",Home Imporvement,SuperStore ME,Medium
2021,20/09/2021,65.00,"Nexillumi LED Strip Lights TV LED BackLight RGB LED Strip USB Powered for 24 Inch-60 Inch TV,Mirror,PC, APP Control Sync to Music, Bias Lighting, 5050 RGB Waterproof IP65 for Android iOS",Home Imporvement,DXB_Home_Automation_store ⭐️⭐️⭐️⭐️⭐️,Low 
2021,20/09/2021,33.99,Universal Splash Filter Faucet 720 Degrees Big Angle Aerator Kitchen Tap Water Saving Nozzle er Bathroom Basin Lengthen Extender,Home Imporvement,colordday,Medium
2021,01/10/2021,78.99,PATIOSNAP Universal Power Strips 3 Way Outlets 6 USB Plug Ports Surge Protection Power Socket Switch Portable Charger with 2M Wall Plug Adapter Extension Cord with Fuse and Shutter Extension Lead,Home Gadget ,cemeon ya,High
2021,01/10/2021,28.50,"15 Pcs Large Travel Storage Shoe Bags, Waterproof Shoe Bag for Gym,Travel, Portable Shoe Pouch Organizer Non-Woven Fabric with Drawstring for Men and Women (Gray - 15pcs Large)",Sneaker Acessories , YUANGAOSHOW GROUP LIMITED UAE,High
2021,01/10/201,65.00,"Crep Protect - Mark On Midsole Custom Pen - White Bullet Tip 4 mm - Sneaker Shoes Whitening Marker Pen old white shoe repair قلم تبييض الأحذية الرياضية من ماركة""كريب بروتيكت"" البريطانية – قياس 4 مم.",Sneaker Acessories ,SPORTS HOUSE STORE,Medium
2021,01/10/201,42.40,"UGREEN Lightning to 3.5 mm Cable Apple Mfi Certified 3.5 mm Headphone Jack Adapter Male Aux Stereo Audio Cable Compatible with iPhone 13 Pro/13 Pro Max/13/13 mini, New ipad 9/ iPhone 11 Pro- 1Meter",Phone Acessories,UGREEN GROUP LIMITED UAE,High
2021,09/10/2021,60.00,"GAT Sport Essentials Series CLA 1250, 90 Softgel",Supplements ,JNK Nutrition,High
2021,09/10/2021,110.00,Optimum Nutrition Opti-Men 150 Tabs,Supplements ,JNK Nutrition,High
2021,09/10/2021,10.00,"Asmaco Spray Paint, Black, Asmaco009",Home Imporvement,Amazon.ae,High
2021,09/10/2021,65.00,"Muscletech Hydroxycut Hardcore Next Gen Dietary Supplement, 100 Capsules",Supplements ,ADVANCE NUTRITION,High
2021,16/10/2021,26.07,"6PCS Aluminum Carabiner Clips D Shape Locking Buckle Hooks for Keychain Bottle Bulk, Heavy Duty Caribeaners for Camping, Hiking, Outdoor and Gym etc, Small Carabiners for Dog Leash and Harness",Miscellaneous,LuQiaoGongChengYou,Low 
2021,16/10/2021,65.00,"Lipo 6 Waist Trimmer Exercise Fitness Belt for Men & Women, One Size Fits Most, Waist Trainer for Weight Loss",Fitness Acessories,ADVANCE NUTRITION,High
2021,16/10/2021,99.00,"Nutrex research Lipo 6 Defining Gel with Topisorb Fast-Acting Technology, 0.2kg",Fitness Acessories,ADVANCE NUTRITION,High
2021,18/10/2021,89.36,NOW Sports Triple Strength L-Carnitine 3000 mg - 16 Fl oz (473 ml),Supplements ,Amazon.ae,High
2021,05/11/2021,29.00,"UGREEN Micro USB Cable Nylon Braided Fast Quick Charger Cable USB to Micro USB 2.0 Android Charging Cord compatible for Galaxy S7 S6, Note, LG, Nexus, Nokia, PS4, Controller - Black 2Meter",Phone Acessories,UGREEN GROUP LIMITED UAE,Medium
2021,05/11/2021,61.00,"UGREEN PD Fast Charging Cable [MFi Certified] USB C to Lightning Cord Quick Data Sync Braided 90 Degree Compatible for iPhone 12 mini/12/12 Pro, 13 Pro/13 Pro Max/13/13 mini, New ipad 9, 11/11Pro - 2M",Phone Acessories,UGREEN GROUP LIMITED UAE,Medium
2021,05/11/2021,24.65,UGREEN Screen Protector 2 Pack Compatible for iPhone 11 Pro/X/XS 5.8 Inch Tempered Glass with iPhone 11 ProX/XS Screen Protector Anti-Scratch with Alignment Frame Sensitive Touch Scratch Resistant,Phone Acessories,UGREEN GROUP LIMITED UAE,Medium
2021,05/11/2021,21.25,"UGREEN Clear Case Compatible for iPhone 11 Pro(2019), Slim Shockproof Bumper Case with Soft TPU Protective Phone Cover Compatible for Apple iPhone 11 5.8'', Anti-Scratch, Transparent - Midnight Green",Phone Acessories,UGREEN GROUP LIMITED UAE,Medium
2021,09/11/2021,44.99,Cantu Sensitive Scalp Hypoallergenic Shampoo 240ml/227g,Toiletries ,Padimu,Low 
2021,16/11/2021,20.00,Portable 7Day Weekly Pill Medicine Box Storage Holder Tablet Organizer Container Case,Gifts ,merry711,Low 
2021,16/11/2021,23.77,"7 Days Pill Storage Medicine Box Organizer - 4 Line, Multicolor",Gifts ,merry711,Low 
2021,24/11/2021,176.24,"Junlan Sauna Suit for Mens Sweat Jacket Sauna Pants Gym Workout Sweat Suits for Men (Black Tops and Pants, X-Large)",Fitness Acessories,Amazon US,Medium
2021,24/11/2021,36.64,Listerine Cool Mint Mouthwash - Pack of 3 Bottles (3 x 500 ml),Toiletries ,Amazon.ae,High
2021,24/11/2021,17.40,"Merito Original Spray Starch, 400 ml",Garments & Laundry Supplies,Amazon.ae,High
2021,24/11/2021,119.00,"POSICHE Tactical Backpack, Hiking Daypacks, Molle Assault Military Army Camping Rucksack Pack Waterproof 45L with USA Flag Patch, 3 Day Pack",Wallet Accessories,SanDianJin,Medium
2021,26/11/2024,110.00,"NEOUZA 54mm Bottomless Portafilter for Breville Coffee Espresso Machine 870/875/878/880,Fillter Basket, Spoon,Tamper Mat,Brush",Coffee Acessories ,NEOUZA UAE,High
2021,26/11/2024,33.00,The Curious Barista's Guide to Coffee,Coffee Acessories ,Amazon.ae,Low 
2021,26/11/2021,34.00,"UV Sun Protection Arm Sleeves - Cooling Compression Sleeves for Men & Women - UPF 50 Arm Cover/Shield for Basketball, Running, Cycling, Golf, Volleyball, Baseball, Football & Other Outdoor Sports",Miscellaneous,Fabrik collection,Low 
2021,28/11/2021,99.99,"High-Grade Wooden Suit Hangers- Smooth Finish Solid Wood Coat Hanger with Non Slip Pants Bar, 360° Swivel Hook and Precisely Cut Notches for Camisole, Jacket, Pant, Dress Clothes Hangers (30 Pack)",Garments & Laundry Supplies,ApparelPoint,High
2021,28/11/2021,27.00,"Nutricook Digital Kitchen Scale Eko by Nutribullet, 5kg Capacity, Stainless Steel Food scale for Baking and Cooking - 4 Weighing Sensors, Tare/Zero, Auto-Off & Auto Calibrate Function,2 Years Warranty",Kitchen Acessories ,Amazon.ae,High
2021,28/11/2021,30.99,"3 PCS Neck Gaiter Fishing Mask Bandana Sun Wind Dust Protection UV Headwear Balaclava Magic Scarf 1 Pair Wristband for Men Women Hunting, Cycling, Motorcycling, Running",Miscellaneous,UAE Direct,Low 
2021,28/11/2021,67.20,"OPTIMUM NUTRITION CLA Natural Weight Loss Fat Burner Supplement For Men and Women, 750 mg, 90 Softgels",Supplements ,Amazon.ae,High
2021,28/11/2021,44.03,"Think Straight: Change Your Thoughts, Change Your Life",Books ,Amazon US,Medium
2021,30/11/2021,17.98,Clothes Laundry Folder Flip Speed Magic Shirts Folding Board,Garments & Laundry Supplies, ج- متجر متنوع,High
2021,05/12/2021,99.99,"High-Grade Wooden Suit Hangers- Smooth Finish Solid Wood Coat Hanger with Non Slip Pants Bar, 360° Swivel Hook and Precisely Cut Notches for Camisole, Jacket, Pant, Dress Clothes Hangers (30 Pack)",Garments & Laundry Supplies,ApparelPoint,High
2021,05/12/2021,20.58,"Princess DEYARCO Press Pillow, Microfibre, Standard, White, 48 X 70 cm",Bedding,Amazon.ae,High
2021,07/12/2021,45.00,Cino Cleano Espresso Machine Cleaning Tablets 8 Count,Coffee Acessories , Esthetica,High
2021,08/12/2021,66.99,"Descaler (2 Pack, 2 Uses Per Bottle) - Made in the USA - Universal Descaling Solution for Keurig, Nespresso, Delonghi and All Single Use Coffee and Espresso Machines",Coffee Acessories ,Impresa UAE,High
2021,10/12/2021,100.00,6-pack Replacement Charcoal Water filter Cartridges with Starter Kit Combo for Keurig single brewing system and some models of Breville by Geesta,Coffee Acessories , DuolaBeauty,Low 
2021,12/12/2021,39.74,"Scotchgard™ Stainless Steel Cleaner 7966-SG, 17.5 oz (495 ml.). 1 can/pack",Home Imporvement,Amazon.ae,Medium
2022,01/02/2022,12.45,"10 Pairs Natural Bamboo Chopsticks, 24cm Reusable Japanese Chinese Chop Stick, Hot Pot Chopsticks, Chopstix Dishwasher Safe Gift Set | Cooking Chop Stix for Noodles, Extra Long Kitchen Chop Sticks",Kitchen Acessories ,Amazon.ae,Medium
2022,03/02/2022,14.59,YISK Store Non Slip Bar Service Mat (Black),Coffee Acessories ,YISK Store,Medium 
2022,03/02/2022,39.00,"Oud Ya Aini Bakhoor عود يا عيني بخور Set of 2 Boxes & Oriental Exotic Bakhoor Burner by Dukhni. 9 Pieces of Bakhoor in Each Box. Authentic Arabic Scents. Perfect for Prayer, Meditation, Relaxation",Oudh & Oudh Accessories ,Flamingo8000,Low 
2022,03/02/2022,36.00,"Copper Turkish Coffee Pot, Greek Arabic Coffee Maker, Handmade Ottoman Hammered Cezve with Brass Handle, Jezve Ibrik Briki for the Stove Top (6.5 fl oz)
Sold by: A R T W A R E",Coffee Acessories ,A R T W A R E,Medium
2022,17/02/2022,30.45,"
Oral B Pro-Expert Pulsar Toothbrush, Multi Colour, Assorted, 35 Medium",Toiletries ,Amazon.ae,High
2022,17/02/2022,119.00,"Anker PowerCore Essential 20000 PD Portable Charger, High-Capacity 20000mAh 18W USB-C Power Delivery Power Bank for iPhone 11/11 Pro / 11 Pro Max/X /8",Phone Acessories,AnkerDirect AE,Medium
2022,03/03/2022,53.40,The 5 AM Club,Books ,Amazon.ae,Medium
2022,06/04/2022,38.05,"Sensodyne Multi Care + Whitening Toothpaste for Sensitive Teeth, Superior Whitening Action, 75ml, Pack of 2",Toiletries ,Amazon.ae,High
2022,06/04/2022,48.00,Professional Soft Steel Tip Darts with Aluminum Alloy Shaft Needle Nice Packing Gift Box Darts Set for Bristle Dartboard,Home Games ,NuSense-Womdee,Low 
2022,12/04/2022,39.85,"Mumoo Bear Bird Parrot Perch Toys, 7 Packs",Pet Acessories,Amazon.ae,Medium
2022,12/04/2022,60.29,"Bird Feeding Dish Cups, DELFINO Stainless Steel Parrot Feeding Cups, Animal Cage Water Food Bowl Bird Cage Cups Holder with Clamp Holder for Bird Parrot Water Food Dish Feeder - 10x4.5cm, 3 Pieces",Pet Acessories,SunnyFashion★★★★★,Medium
2022,12/04/2022,36.43,Mumoo Bear 6 Pcs Bird Swing Toys Bell Colorful Natural Wood Hammock Hanging Perch,Pet Acessories,Amazon.ae,Medium
2022,12/04/2022,69.00,"Natural Wood Bird Perch Stand, Hanging Multi Branch Perch for Parrots, Parakeets Cockatiels, Conures, Macaws, Love Birds, Finches",Pet Acessories,SunnyFashion★★★★★,Medium
2022,12/04/2022,30.18,ANTOLE Bird Parrot Small Animal Stainless Steel Fruit Vegetable Holder Seed Treat Fruit Skewer Cage Accessory Fruit Fork,Pet Acessories,Pet House,Medium
2022,12/04/2022,56.99,"10Pcs Bird Swing Toys Parrot Chewing Toys Hanging Perches with Bells Finch Toys for Parrots, Parakeet, Conure, Cockatiel, Mynah, Love Birds",Pet Acessories,MQFORU-UAE,Medium
2022,12/04/2022,37.98,POPETPOP 2pcs Bird Food Holder Bird Feeder Stainless Steel Parrot Hanging Vegetable Fruit Feeder Bird Treat Skewers Bird Parrots Foraging Toys,Pet Acessories,DDG-SHOP,Low 
2022,12/04/2022,27.50,ANTOLE Parrot Natural Standing Wood Stick Bird Cage Perch Cockatiel Parakeet Claw Grinding Toys Bird Cage Accessories Wild Grape Wood,Pet Acessories,Pet House,Medium
2022,12/04/2022,28.59,"
ANTOLE 20cm Parrot Bird Natural Logs Branch Bird Bite Claw Grinding Pepper Wood Standing Stick Perches",Pet Acessories,Pet House,Medium
2022,12/04/2022,53.90,NeoStyle Parrot Toy Birds Stand Stick Stop Lever Perch Prickly Ash Wood Frame Station Supplies Appliances Birds Birds Chew Toys Combination Packages (Five pieces),Pet Acessories,SunnyCollection,Medium
2022,01/05/2022,32.95,"HONEY BEAR Mens Initial Alphabet Letter Tie Clip Bar - for Skinny Narrow Size Tie, Stainless Steel for Business Wedding Gift,4cm,Brushed Silver,A - Z (A)",Styling Acessories ,PINGFANG DIRECT,Low 
2022,01/05/2022,56.42,Jack & Jones Men's Trunks (Pack Of 3),Garments,Amazon.ae,High
2022,01/05/2022,45.30,"Old Spice Original Shower Gel For Men, 3 x 250 ml",Toiletries ,Amazon.ae,High
2022,08/05/2022,32.95,"HONEY BEAR Mens Tie Clip Bar - Normal Size Stainless Steel for Business Wedding Gift,5.4cm (Shinny Silver)",Styling Acessories ,PINGFANG DIRECT,High
2022,01/06/2022,21.90,"Teeba Peanut Oil, 250 ml",Food Consumable ,Amazon.ae,Medium
2022,01/06/2022,9.75,"Indomie Rendang Fried Noodles, 5 X 80 gm (Pack of 1)",Food Consumable ,Amazon.ae,Medium
2022,09/06/022,21.70,"Bio Balance Organic Aloe Vera Shampoo, 330 Ml",Toiletries ,Amazon.ae,High
2022,14/06/2022,47.00,Aven-gers Hulk Gloves Figures Toys Hulk Fists Cosplay Gloves Marvel Legends Gamma Grip Model Toy Gifts For Children,Gifts ,DIRECT 2 U GENERAL TRADING,Medium
2022,14/06/2022,22.84,"Bio Balance Organic Citrus Shampoo, 330 ml, 129205",Toiletries ,NUTRIPHARM LLC,High
2022,03/07/2022,136.68,Jiu-Jitsu University,Books ,Amazon.ae,Medium
2022,03/07/2022,22.84,"Bio Balance Organic Aloe Vera Shampoo, 330 Ml",Toiletries ,Amazon.ae,High
2022,03/07/2022,44.90,"FIGHTR Premium Mouth Guard - for Excellent Breathing & Easy to fit | Sports Mouth Guard for Boxing, MMA, Football, Lacrosse, Hockey and Other Sports |",BJJ Accessories, FIGHTR,Medium
2022,03/07/2022,66.00,Beaphar - XtraVital Parrot Feed - 2.5kg,Pet Acessories,mypaws,High
2022,06/07/2022,29.99,"Baytion Blue Light Blocking Glasses, Blue Light Filter Eyewear Anti Eyestrain & UV Glare, Non Prescription Retro Eyeglasses Frame for TV Computer Gami",Styling Acessories ,Baytion AE,Medium
2022,06/07/2022,37.99,"Baytion Blue Light Filter Eyewear for Men & Women, Anti Blue Light Eyestrain & UV Glare Blocking,TV Computer Gaming Glasses,Black",Styling Acessories ,CFM global store,Medium
2022,06/07/2022,18.11,"Organic Chia Seeds For Weight Loss By Down To Earth Foods, 100% Organic, Improves Digestive Health, Natural Black Chia seeds - 300 gms",Food Consumable ,Amazon.ae,High
2022,19/07/2022,6.65,"Natures Choice Peanut Butter Creamy, 510 gm, 20160354",Food Consumable ,Amazon.ae,Medium
2022,29/07/2022,25.00,Skyland Crossfit Jump Rope Ultra-Speed Ball Bearing Skipping Rope (Em-9332-S) (Black),Fitness Acessories,Amazon.ae,High
2022,30/07/2022,85.00,Crep Protect Crep Protect Cure Black N/A,Sneaker Acessories ,Sports Hype,High
2022,30/07/2022,53.99,"Old Spice Aluminum Free Deodorant for Men High Endurance, Pure Sport - Pack of 3",Toiletries ,Shoppers-kart_UAE,High
2022,30/07/2022,22.92,Old Spice Wolfthorn Shower Gel 250ml,Toiletries ,BK-Mart,High
2022,30/07/2022,47.00,"Sensodyne Multi Care + Whitening Toothpaste For Sensitive Teeth, Superior Whitening Action, 75Ml, Pack Of 2",Toiletries ,Amazon.ae,High
2022,30/07/2022,51.70,"
NATURE'S BOUNTY CAL.MAG.ZINC CHEL.TABS.",Supplements ,Amazon.ae,Medium
2022,30/07/2022,44.98,"Nature’s Bounty Acidophilus Probiotic, Daily Probiotic Supplement, Supports Digestive Health, 1 Pack, 120 Tablets",Supplements ,Your-Care,High
2022,30/07/2022,38.00,The Boots Company Vitamin C Brightening Cleansing Gel - 100ml,Toiletries ,CyberTrends,High
2022,08/08/2022,32.04,"Bio Balance Organic Argan Oil Conditioner, 330 Ml",Toiletries ,Amazon.ae,High
2022,08/08/2022,30.99,"Cantu Shea Butter Men's Collection Leave in Conditioner, 13 oz.",Grooming , ienjoybeauty,Medium
2022,08/08/2022,59.95,"Optimum Nutrition (ON) Omega 3 Fish Oil Softgels for Active Adults - 300 MG, 100 Softegls",Supplements ,Amazon.ae,High
2022,08/08/2022,111.02,Now Foods L-Carnitine Liquid 3000Mg 16Oz,Supplements ,Amazon.ae,High
2022,08/08/2022,79.43,"Optimum Nutrition (ON) Micronized Creatine Monohydrate Powder - Unflavored, 300 Grams, 60 Servings",Supplements ,Amazon.ae,Medium
2022,09/08/2022,80.75,"
Cosmoplast 44L Step-On Waste Bin With Pedal, Pearl Blue",Home Imporvement,Amazon.ae,High
2022,09/08/2022,22.90,Old Spice Wolfthorn Shower Gel 250ml,Toiletries ,BK-Mart,High
2022,09/08/2022,59.00,"Jack & Jones Men's Trunks (Pack Of 3), Burgundy, M",Garments,Amazon.ae,High
2022,14/08/2022,51.00,"
UGREEN Lightning Cable 1M[MFi Certified]USB C to iPhone Charger Cable Quick Data Sync Braided 90 Degree Fast Charging for iPhone SE 3/13 Pro/13 Pro Max/13/13 mini, New ipad 9, iPhone 12 mini/12/12 Pro",Phone Acessories,UGREEN GROUP LIMITED UAE,Medium
2022,14/08/2022,51.00,"UGREEN PD 24W Car Charger Fast Charging for iPhone 13 Dual USB Ports Car Adapter Type C Compatible with iPhone 13 Pro/13 Pro Max/13/13 mini/12 Pro Max, iPad 9,iPad mini 6,Samsung S21,Huawei Mate20,etc",Phone Acessories,UGREEN GROUP LIMITED UAE,Medium
2022,15/08/2022,33.42,Rio Daily Food For Parrots 1Kg,Pet Acessories,Amazon.ae,High
2022,15/08/2022,16.64,Hotpack Garbage Bag Hd 80X110 cm 55Gallon - 3 X 10 Bags,Cleaning Supplies ,Amazon.ae,High
2022,15/08/2022,36.90,"Dettol Lemon Antibacterialpower Floor Cleaner With 3 Times Powerful Cleaning (Kills 99.9% Of Germs), 1.8L Twin Pack",Cleaning Supplies ,Amazon.ae,High
2022,15/08/2022,65.00,"Venum Predator Mouthguard - Black/Black, One Size",BJJ Accessories,Amazon.ae,Low 
2022,29/08/2022,13.32,Hotpack Garbage Bag Hd 80X110 cm 55Gallon - 3 X 10 Bags,Cleaning Supplies ,Amazon.ae,High
2022,02/09/2022,51.25,"Cerave Sa Style Cleaner, 236 ml, 1 Stück",Toiletries ,SAMSGT,Medium
2022,04/09/2022,14.99,"[100 Cups] 4 oz. White Paper Cups- Available in 7oz, 8oz, 12oz, 16oz- Small Disposable Espresso, Qahwa, Bathroom, Mouthwash Cups",Coffee Acessories ,Amazon.ae,High
2022,08/09/2022,19.70,Thomas Clumping Cat Litter 5kg,Pet Acessories,Amazon.ae,High
2022,08/09/2022,13.72,Churu Chicken With Shrimp 56 G4 Sticks Per Pack,Pet Acessories,Amazon.ae,High
2022,08/09/2022,50.17,Beaphar Cleansing Lotion For Eye Care&Nbsp;&Ndash;&Nbsp;Cats &Amp; Dogs&Nbsp;&Ndash;&Nbsp;50 Ml,Pet Acessories,Amazon.ae,High
2022,03/10/2022,25.00,2PCS Self-adhesive Coffee Bottomless Portafilter Wall Rack 51mm/53mm/54mm/58mm Coffee Bottom Filter Holder Tools Cafe Accessories,Coffee Acessories ,HOME&HEALTH UAE,Medium
2022,15/10/2022,29.99,HYFY [50 Pcs] 16oz Plastic Cups With Lids (FLAT) And Straws Plastic Cups Disposable Plastic Cups Kids Smoothie Cup Coffee Cup Cold Drinks Slushie Cup,Coffee Acessories ,HYFY-AE,Medium
2022,25/11/2022,29.99,"
Espresso Puck Screen 53.5mm, Coffee Filter Mesh Plate for Portafilter Basket 54mm",Coffee Acessories ,CAPFEI-AE,Low 
2022,25/11/2022,80.00,RIO Daily Food For Parrots 3kg,Pet Acessories, Red Lemon Retail,High
2022,10/12/2022,43.87,"Sensodyne Multi Care + Whitening Toothpaste For Sensitive Teeth, Superior Whitening Action, 75Ml, Pack Of 2",Toiletries ,Amazon.ae,High
2022,10/12/2022,19.99,"Professional Stainless Steel Business Card Holder Case, 3.7 x 2.3 x 0.3 inches, Silver (Silver)",Wallet Accessories,BASIC MODELS,Medium
2022,10/12/2022,16.64,Hotpack Garbage Bag Hd 80X110 cm 55Gallon - 3 X 10 Bags,Cleaning Supplies ,Amazon.ae,High
2022,10/12/2022,28.86,"Oral B Pro-Expert Pulsar Toothbrush, Multi Colour, Assorted, 35 Medium",Toiletries ,Amazon.ae,High
2022,23/12/2022,12.00,"Down To Earth Organic Couscous; Healthier Couscous Medium Grain, Whole Foods Organic Couscous White 500g",Food Consumable ,Down To Earth Organic,Medium
2022,23/12/2022,11.75,MAXI REGISTER BOOK A4 2QR 60GSM 96 SHEETS,Stationary ,Amazon.ae,High
2022,23/12/2022,46.99,"
Refillable Writing Journal Faux Leather Hardcover Notebook B5 College Ruled 408 Lined Pages Lay-Flat Personal Diary With Pen & Buckle (Black)",Stationary ,Gotain,Low 
2022,23/12/2022,67.00,"UGREEN Car Phone Holder, Car Holder for Air Vent Phone Holder Gravity Car Mobile Holder Compatible with iPhone 13/13 Mini/13Pro/13Pro Max 12 11, Galaxy S21 S20 Huawei Mate 30 Google Pixel 2 (Black)",Phone Acessories,UGREEN GROUP LIMITED UAE,High
2022,26/12/2022,35.33,MuscleTech Platinum Multi Vitamin 90ct US (RB),Supplements ,Amazon.ae,High
2022,26/12/2022,56.60,"Nature's Way Activated Charcoal Supplement, Gluten-Free, 100 Capsules (Packaging May Vary)",Supplements ,ICANLO,Low 
2022,27/12/2022,3.00,"Maxi Mesh Pen And Pencil Holder Metal Mesh Office Desk Pen Organizer Black, Pcbl",Stationary ,Amazon.ae,Medium
2022,27/12/2022,39.88,"Card Holders, Metal Mesh Business Card Holder, Card Holder for Desk, Card Holder for Business Cards, Desk Card Holder, Business Card Stand, Business Card Display, for Office, 3 Pack, (Black)",Stationary ,Sama77,Medium
2022,28/12/2022,27.99,"YISK Rubber Silicone Drink Coasters,for Coffee Mugs Cups, Prevent Furniture from Dirty Scratched in Home Kitchen Office Use(Set of 8 Pieces), Black",Coffee Acessories ,YISK Store,High
2022,28/12/2022,33.95,"Baytion Pet Grooming Brush, Cats Dogs Brushes for Long Haired & Short Hair, Supple Stainless Steel Bristles Quick Cleaning of the Brush to Remove Tangles Dead Undercoat and Dirt",Pet Acessories,Baytion AE,Medium
2022,28/12/2022,39.99,Large Water Bottle 2.5 Litre BPA-Free Drinking Big Jug for Gym Sports Black,Fitness Acessories,GEMFUL Bottle,Medium
2022,30/12/2022,114.99,Orchid M TIM Cat Litter Box with Lid (Blue),Pet Acessories,SleepHead,High
2022,30/12/2022,40.99,"S2C 28 Pcs Cat Toys Interactive Accessories - Cat Accessories For Indoor Cats, Kitten Toys, Cat Tunnel And Tent, Kitten Toys For Biting, Cat Toys For Kittens, Cat Toy Fish For Cat Lovers…",Pet Acessories,GLAD TRADING,Medium
2022,30/12/2022,33.95,"Baytion Pet Grooming Brush, Cats Dogs Brushes for Long Haired & Short Hair, Supple Stainless Steel Bristles Quick Cleaning of the Brush to Remove Tangles Dead Undercoat and Dirt",Pet Acessories,Baytion AE,High
2022,30/12/2022,27.45,PREMIFY 2Pcs Cereal Containers Set | 2.5L / 2KG Capacity Airtight Food Storage Container | BPA Free Plastic Rice Storage Bin/Dispenser + Measuring Cup & Pour Spout,Kitchen Acessories ,Premify-Uae,High
2022,30/12/2022,27.99,"Mericka - Dog and Cat Poop Bags, 255 Bags, 13 * 8.7 inches Biodegradable Pet waste bags with Dispenser, Green, Lavender Scented Leak-Proof poop Bags, Best Pet Poo bags for Dogs, Cat litter bag",Pet Acessories,Mericka,High
2022,30/12/2022,24.93,"Mumoo Bear Circular Turntable Cat Toy, Assorted Colors",Pet Acessories,Amazon.ae,Medium
2023,01/01/2023,20.00,Himalaya Soothing & Protecting Baby Wipes Alcohol & Paraben Free for Sensitive Skin - 224 Wipes,Pet Acessories,Amazon.ae,Medium
2023,01/01/2023,30.45,"Playgro Bath Duckie Family Fully Sealed, Pg0187479",Pet Acessories,Amazon.ae,Low 
2023,01/01/2023,21.32,"Bio Balance Organic Aloe Vera Shampoo, 330 Ml",Toiletries ,Amazon.ae,High
2023,01/01/2023,16.80,Table Tennis Balls 3-Star 40+ Sport Ping Pong Balls 6 Pack High-Performance ABS Training Balls Ultimate Durability for Indoor Outdoor Ping Pong Tables Competitions Games-White,Pet Acessories,shengyiwei,Low 
2023,03/01/2023,56.00,"Nature's Way Activated Charcoal Supplement, Gluten-Free, 100 Capsules (Packaging May Vary)",Supplements ,ICANLO,Medium
2023,03/01/2023,75.99,"ZOBER High-Grade Wooden Pants Hanger - 10pk Suit Hanger with Metal Clips, for Skirts ZO-W201",Garments & Laundry Supplies,ApparelPoint,Medium
2023,03/01/2023,156.00,"Xiaomi Mi 360° Home Security Camera 2K Pro Wlan Surveillance Camera (2304 X 1296 Pixels, 20 Fps, 128-Bit Aes Encryption, Night Mode, Ai Personal Detection, 2-Way Audio, Private Mode, Mi Home App)",Home Imporvement,Kingdisk-Store,High
2023,05/01/2023,40.85,"CeraVe Foaming Cleanser 236ml/8oz Daily Face, Body & Hand Wash with Niacinamide, for Normal to Oily Skin, 236 ml (Pack of 1) - Pack may vary",Toiletries ,Amazon UK,Medium
2023,05/01/2023,39.99,"MRIMAYA Cat Bed, Cat Window Perch Window Seat Suction Cups Space Saving Cat Hammock Pet Resting Seat Safety Cat Shelves - Providing All Around 360° Sunbath for Cats Weighted up to 13kg (XL)",Pet Acessories,Mrimaya,Medium
2023,05/01/2023,31.99,AGPTEK Cable Clips with Adhesive Tapes - Clear (110 Pieces),Home Imporvement,Auksas AE,Medium
2023,05/01/2023,40.95,"SKY-TOUCH Cats and Dogs Electric Drinking Water Dispenser, Hygienic and Healthy Automatic Pet Drinking Water Fountain, Blue, 6974042150761",Pet Acessories,Amazon.ae,High
2023,07/01/2023,15.99,"Lucky Charcoal Quick Ignition Charcoal and Long Lastting for Bakhoor Coal Sheesha Charcoal-hooka Coal - 33mm,80 Pieces",Oudh & Oudh Accessories ,Amazon.ae,Medium
2023,07/01/2023,157.70,Ajmal Perfumes Dakhoon Liwa,Oudh & Oudh Accessories ,Amazon.ae,Medium
2023,12/01/2023,19.99,"Cat Nail Clippers Baytion Pet Nail Clippers for small animals,Cat Claw Cutters Scissors for Guinea Pigs, Birds, Puppies, Kittens, Gerbils, Hamsters and Rabbits (Cat Nail Clipper)",Pet Acessories,Baytion AE,High
2023,12/01/2023,34.40,"UGREEN iPhone Charger Cable 1M[MFi Certified] USB C to Lightning Cable Fast Charging Power Delivery PD 20W iPhone Cable for iPhone 14/14 Pro/14 Plus/14 Pro Max, iPad Pro, iPhone 8-13 All Series",Phone Acessories,UGREEN GROUP LIMITED UAE,High
2023,12/01/2023,51.00,"UGREEN iPhone Charger Type C PD 20W Fast USB C Charger iPhone Fast Charger Head Type-C Charger Plug Universal Travel Adapter USB-C Plug Compatible for iPhone 14 Pro Max/14 Pro/14 Plus/14/13/12/11,etc",Phone Acessories,UGREEN GROUP LIMITED UAE,High
2023,12/01/2023,16.64,Hotpack Garbage Bag Hd 80X110 cm 55Gallon - 3 X 10 Bags,Cleaning Supplies ,Amazon.ae,High
2023,19/01/2023,25.45,Arm & Hammer Cat Litter Deodorizer 30 oz,Pet Acessories,Amazon US,High
2023,21/01/2023,14.90,"Dettol Original Anti-Bacterial Surface Disinfectant Liquid Trigger, 500 Ml",Cleaning Supplies ,Amazon.ae,High
2023,21/01/2023,7.60,Scotch Brite Heavy Duty Nailsaver 3pcs,Cleaning Supplies ,Amazon.ae,High
2023,21/01/2023,37.70,"Valuxe Lunch Box Ice Packs Environment Protection, Healthy, BPA-Free Reusable, Refreshable, Keep Foods and Drinks Chill, Quick Freeze Meal in Cooler Lunch Bag Picnic, Camping Outdoor (6 PCS Set)",Kitchen Supplies ,bitzNpcs Store,High
2023,21/01/2023,31.99,"Cat Water Fountain Filters, 5-Packs Pet Water Dispenser Filter With Triple Filtration System, Pet Fountain Carbon Filters Compatible with 3L Automatic Pet Fountain",Pet Acessories,XBD UAE Store,High
2023,22/01/2023,6.99,Fun Indispensable Biodegradable Sandwich Zipper Bags - 18.3 X 23.5 Cms - Pack Of 50,Kitchen Supplies ,Amazon.ae,High
2023,23/01/2023,21.32,"Bio Balance Organic Aloe Vera Shampoo, 330 Ml",Toiletries ,Amazon.ae,High
2023,23/01/2023,27.12,"Earth Goods Organic Gluten-Free Granola Mix, Non-gmo, Gluten-Free, No Added Sugar 340g",Food Consumable ,Amazon.ae,Medium
2023,23/01/2023,48.71,Rio Daily Food For Parrots 1Kg,Pet Acessories,Amazon.ae,High
2023,23/01/2023,26.00,"10 REUsable Food Storage Bags，REUsable Fruit And Vegetable Sandwich Bag，Preserving Food Container，Peva Food Bag，Food Storage Set，For Cooking, Lunch, Snack, Sous Vide, Baby Food Prep（2L+6M+2S)",Kitchen Supplies ,SX-STORE,Low 
2023,26/01/2023,19.99,"Cat Collar Breakaway BowTie and Bell with Adjustable collar Bell, Safe Durable, Removable BowTie, Great for kittens, cats, and small dogs (Brown)",Pet Acessories,MokeyPaw,Low 
2023,28/01/2023,16.64,Hotpack Garbage Bag Hd 80X110 cm 55Gallon - 3 X 10 Bags,Cleaning Supplies ,Amazon.ae,High
2023,29/01/2023,14.98,Hotpack Garbage Bag Hd 80X110 cm 55Gallon - 3 X 10 Bags,Cleaning Supplies ,Amazon.ae,High
2023,31/01/2023,60.56,"Electronic Coffee Scale, 3KG Electronic Scale High Accuracy High Temperature Resistance Rechargeable 3 Units for Home for Vegetables",Coffee Acessories ,SmartLife-Elec,High
2023,31/01/2023,279.00,WellToBe Automatic Cat Feeder WiFi Enabled 2.4G Smart Pet Feeder,Pet Acessories, HLZZUS,High
2023,31/01/2023,119.00,"Beauenty Pet Carrier Cat Carriers Travel Kennel Crate, Airline Approved Kitty Travel Cage ,Plastic Lightweight and Safe to Carry for for Indoor Oudoor Car Small Kitten Puppy Dog Sleeping (Grey)",Pet Acessories,Unt_uae,High
2023,31/01/2023,9.00,Dog Training Clicker Click Button Trainer Pet Cat Puppy Obedience Aid Wrist Black,Pet Acessories,X-MINE,Low 
2023,02/02/2023,19.50,"Fine Super Towel Pro, Highly Absorbent, Sterilized & Half Perforated Kitchen Paper Towel, 3 Plies,Pack Of 6 Rolls",Cleaning Supplies ,Amazon.ae,High
2023,02/02/2023,15.00,"
Kitcat Breath Bites Beef Flavor, Green, 60G",Pet Acessories,Amazon.ae,Low 
2023,03/02/2023,29.00,"Good Vibes, Good Life: How Self-Love Is The Key To Unlocking Your Greatness: The #1 Sunday Times Bestsellerq",Books ,TheBookStore-ME,medium
2023,03/02/2023,26.65,"Facial Tissue 130 Sheets X 2 Ply, Bundle Of 7 + 3 Pack Free- Fine® Classic Variety Sterilized Tissues For Germ Protection.",Cleaning Supplies ,Amazon.ae,High
2023,05/02/2023,19.48,Food Storage Boxes With Lids Freezer Safe Volwco 3 Pcs 4.7L Large Plastic Kitchen Refrigerator Stackable Food Fruit Storage Containers With Handle,Kitchen Acessories ,Amazon.ae,High
2023,06/02/2023,17.14,"Knife Sharpener for Sharpening and Polishing Kitchen Knives, Including Straight Knives, Household Knives and Chef's Choice Knives. Easy Manual Sharpening. مبراة سكينة مطبخ",Kitchen Acessories ,SunPrint,medium
2023,11/02/2023,55.00,"Womdee 65W USB-C Laptop Charger,USB C Charger Power Adapter for Lenovo ThinkPad Dell XPS, HP EliteBook Yoga Chromebook Dell Xps ASUS ZenBook Chromebook Tablets Smartphone",Gadget Acessories,NuSense-Womdee,High
2023,11/02/2023,55.00,"Earth's Finest Organic Acacia Honey - 360g (Pack of 2) | Unfiltered, Unprocessed, Cold Extracted | 100% Raw, Pure & Natural",Food Consumable ,ADD 2 CART_UAE,High
2023,13/02/2023,13.41,"Miracle-Gro Indoor Plant Food 48 Spikes (62g, ‎1.91 x 16.51 x 15.24cm)",Gardening Tool & Accessories ,Amazon US,medium
2023,15/02/2023,9.42,"Alokozay 3 Ply Face Mask 50 Pieces, Black ' 50 Units",Cleaning & Hygiene Supplies ,Amazon.ae,High
2023,15/02/2023,18.98,"Ablieve 30x15CM Bar Service Mat, Non Slip Polyvinyl Chloride Bar Mat Drink Coasters Leakproof for Bar Kitchen,Black",Coffee Acessories ,EXCOAE,medium
2023,18/02/2023,16.00,"SKY-TOUCH Mouse Pad Large Leather Computer Desk Pad Office Desk Mat Extended Gaming Mouse Pad, Non-Slip Waterproof Dual-Side Use Desk Mat Protector 80cm x 40cm (Green/Silver)",Desktop Accessories ,Amazon.ae,High
2023,18/02/2023,149.00,"Babyliss Hair Curling Iron Rose Quartz wide 32mm Barrel, Advanced Ceramics Curler with Led 6temps 160c-210c Ceramic, 2.5m length cord, 3 YEAR WARANTY -C452SDE",Appliance,Amazon.ae,High
2023,18/02/2023,56.32,"
CeraVe Daily Moisturizing Lotion 12 oz",Toiletries ,SAMSGT,High
2023,21/02/2023,32.04,"Beauenty Pruning Shears,Bypass Pruner Hand Shears,Tree Secateurs,Heavy Gardening Tools Scissors/For Fruit Tree/Gardens/Flower/Hedges and Stems(c1)",Oudh & Oudh Accessories ,lucy985,High
2023,23/02/2023,15.50,"Gatsby Hair Styling Pomade Supreme Grease, 80 gm",Grooming ,Amazon.ae,High
2023,23/02/2023,16.95,"
LEE KUM KEE Chili Oil L.K.K. 207ml",Food Consumable ,Al Redha Intl Gen.Trdg LLC,Medium
2023,23/02/2023,16.95,LEE KUM KEE Chiu Chow Chilli Oil 205gm,Food Consumable ,Al Redha Intl Gen.Trdg LLC,medium
2023,23/02/2023,21.90,"Mantova, Organic Extra Virgin Olive Oil Spray, Cold Pressed, 200 ml",Food Consumable ,Amazon.ae,High
2023,23/02/2023,19.99,"Worve 4PCS Hanging Cat Toys for Indoor Cats,Interactive cat Toys for Indoor Cats ,Hanging Door Bouncing Cat Toy ,Interactive Cat huntingToys for Kitten Indoor Door Frame",Pet Acessories,KENSHIFEIROU,High
2023,23/02/2023,14.20,"Kikkoman Less Salt Soy Sauce, 250 ml",Food Consumable ,Amazon.ae,Medium
2023,25/02/2023,15.50,"Gatsby Hair Styling Pomade Supreme Grease, 80 gm",Grooming ,Amazon.ae,High
2023,02/03/2023,39.18,Rio Daily Food For Parrots 1Kg,Pet Acessories,Amazon.ae,High
2023,02/03/2023,61.30,"Higgins Vita Seed Parrot Food, 1.36 kg",Pet Acessories,Amazon.ae,High
2023,07/03/2023,23.90,Pipore Yerba Mate Red Packet Despalada Organic Original Hot and Cold Tea Gluten Free Gives Energy Improves Strength Immune System Unique Flavour (250 Grams),Food Consumable ,Ararco,medium
2023,20/03/2023,47.19,"Vet'S Best Waterless Cat Bath No Rinse Shampoo For Cat, White, 150 Ml (Pack Of 1)",Pet Acessories,Amazon.ae,Low 
2023,22/03/2023,121.95,"Royal Canin Fbn British Shorthair Kitten 2 Kg Feline Breed Nutrition Cat Food, Multicolor, 1792, British Shorthair Kitten Cat Dry Food",Pet Acessories,Amazon.ae,High
2023,31/03/2023,80.10,"Royal Canin Feline Health Nutrition Kitten Jelly, Pack of 12 x 85gm",Pet Acessories,Amazon.ae,medium
2023,31/03/2023,64.99,"Revival Rapid Rehydration Electrolytes Powder - High Strength Vitamin C, B1, B3, B5, B12 Supplement Sachet Drink, Effervescent Electrolyte Hydration (Lemon & Lime, 12 count (Pack of 1))",Supplements ,Revival Shots AE,High
2023,31/03/2023,43.00,"Arm & Hammer Cat Dental Care Dental Kit for Cats | Eliminates Bad Breath | 3 Piece Set Includes Toothpaste, Toothbrush & Fingerbrush, Tuna Flavor",Pet Acessories,Esthetica,Low 
2023,02/04/2023,14.00,Trixie Klare Kante with Beef Cat Treats - BEEF/50G,Pet Acessories,Amazon.ae,medium
2023,02/04/2023,36.90,"Listerine Mouthwash, Cool Mint Milder Taste, Pack Of 3 X 500Ml package may vary",Toiletries , Saifi General Trading®,High
2023,04/04/2023,68.50,LIGHTZER Coffee Tamper Elegance Wooden. Flat Espresso Tamper for 54mm Portafilter baskets. Stainless Steel Flat with Height Adjustable Wooden Handle. Espresso Tamper(53mm Tamper),Coffee Acessories ,MARHABAN-UAE,High
2023,08/04/2023,9.00,Trixie Premio Stick Quintett Poultry & Liver Cat Treats 5×5g,Pet Acessories,Amazon.ae,Medium
2023,08/04/2023,15.29,Trixie Premio Mini Sticks Cat Treats 50g,Pet Acessories,Amazon.ae,medium
2023,08/04/2023,13.76,Trixie Premio Stick Quintett Salmon & Trout Cat Treats 5×5g,Pet Acessories,Amazon.ae,Medium
2023,22/04/2023,39.18,Rio Daily Food For Parrots 1Kg,Pet Acessories,Amazon.ae,High
2023,22/04/2023,41.09,Earth Goods - Organic Crunchy Peanut Butter - Gluten Free and Made with Just Peanuts - All Natural and Delicious Spread - 400g,Food Consumable ,Amazon.ae,Medium
2023,25/04/2023,10.60,"India Mills Foxnuts, Phool Patasha/ Makhana, 100 gm",Food Consumable ,Amazon.ae,Low 
2023,27/04/2023,99.00,"
King C. Gillette Men’s Double Edge Safety Razor with Gillette’s Best Platinum Coated Double Edge Blades and Classic Inspired Chrome Plated Handle",Grooming ,Best_4U,High
2023,28/04/2023,18.49,Pipore Yerba Mate White Packet Despalada Organic Original Hot and Cold Tea Gluten Free Gives Energy Improves Strength Immune System Unique Flavour (250 Grams),Food Consumable ,Ararco,Medium
2023,29/04/2023,19.79,"Bio Balance Organic Aloe Vera Shampoo, 330 Ml",Toiletries ,Amazon.ae,High
2023,04/05/2023,49.00,IFAN® Pet Comb Professional 2-in-1 Dog Comb Cat Comb Remove Fleas & Knot-Open & Carding & Flying Hair Removing Tools for Long & Short Hairs Dogs & Cats (22+87 tooth),Pet Acessories, IFANae,High
2023,06/05/2023,47.00,Feather Double Edge Hi-Stainless Steel Blade 071S- pillar type 100 Pcs,Grooming ,AJOT,High
2023,06/05/2023,6.70,"Purina Dentalife Cat With Tasty Chicken, 40G, White, 12489379-1, Treat",Pet Acessories,Amazon.ae,Medium
2023,07/05/2023,129.00,"Royal Canin Fbn British Shorthair Kitten 2 Kg Feline Breed Nutrition Cat Food, Multicolor, 1792, British Shorthair Kitten Cat Dry Food",Pet Acessories,Amazon.ae,High
2023,08/05/2023,7.90,"Mumoo Bear Cat Nail Clippers Pet Nail Clippers For Small Animals, Cat Claw Cutters Scissors For Guinea Pigs, Birds, Puppies, Kittens, Gerbils, Hamsters And Rabbits, ‎Black With Red",Pet Acessories,Amazon.ae,Low 
2023,15/05/2023,75.00,RIO Daily Food for Parrots 3kg,Pet Acessories,Amazon.ae,High
2023,22/05/2023,118.00,"Ganeed Sputnik Chandelier,6 Lights Modern Pendant Light,Industrial Vintage Black Flush Mount Ceiling Light Fixtures for Dining Room Kitchen Island Bedroom",Home Imporvement,Next life-fba,High
2023,22/05/2023,10.99,"Bcleen Fabric Softener with 2X Softening Formula, Savon de Marseille, 2L '",Laundry Supplies ,Amazon.ae,High
2023,22/05/2023,54.99,"ECASA™ Revolving Spice Rack Set with 16 PCS Spice Jars, 16-Jar Countertop Spice Rack Tower Organizer with Free 16PCS Spice Labels-Kitchen Spice Tower Organizer for Countertop or Cabinet",Kitchen Acessories , LAIBA SMART STORE,High
2023,22/05/2023,15.35,"Bcleen Disinfectant Floor Cleaner Liquid, Multisurface Cleaner, Lavender 5 Ltr",Cleaning & Hygiene Supplies ,Amazon.ae,High
2023,22/05/2023,18.90,Arm & Hammer 20oz CatLitt Deodorizer,Pet Acessories,Amazon.ae,High
2023,22/05/2023,16.50,Vileda Sponge Cloth 5's,Cleaning & Hygiene Supplies ,Amazon.ae,high
2023,22/05/2023,5.75,Bcleen Window Glass & Gloss Cleaner Liquid Spray For Home And Car 700Ml,Cleaning & Hygiene Supplies ,Amazon.ae,high
2023,22/05/2023,19.75,Microfiber Cleaning Cloth - 40x40cm (Pack of8),Cleaning & Hygiene Supplies ,YQQB,high
2023,22/05/2023,13.35,"Dr. Beckmann Stainless Steel Cleaner, Removes Tough Grease Deposits Dirts on Steel Aluminium Glass Plastic, Quick Cleaning, Metal Protection, Skin Friendly - 250 ml",Laundry Supplies ,Amazon.ae,high
2023,22/05/2023,20.80,"Bcleen Dish Wash Liquid For Dishwashing, Lemon - 5L",Cleaning & Hygiene Supplies ,Amazon.ae,High
2023,22/05/2023,8.68,"Dettol Sparkling Shine Glass Cleaner, helps remove Greasy Residues, Trigger Spray Bottle, 500ml",Cleaning & Hygiene Supplies ,Amazon.ae,High
2023,22/05/2023,33.85,Earth's Finest Virgin Coconut Oil - 500ml | Cold-Pressed & Unrefined Cooking Oil | Natural Oil for Healthy Skin and Hair,Food Consumable ,ADD 2 CART_UAE,High
2023,22/05/2023,55.99,"Cosmoplast, Step-On Waste Bin With Pedal, Pearl Blue,50 Liters,IFHHLA340PB",Cleaning & Hygiene Supplies ,Amazon.ae,High
2023,23/05/2023,166.00,"
Vileda Easy Wring, Clean spin mop and bucket set with foot pedal, Telescopic Handle 85 – 123 cm, Floor mop with spinning wringer, 2in1 Microfibre mop head",Cleaning & Hygiene Supplies ,Amazon.ae,High
2023,23/05/2023,47.00,"Mind Reader Fancy Cup And Lid Holder, 4 Compartment, Black Acrylic",Coffee Acessories ,TRADE BAY LLC,High
2023,23/05/2023,49.99,"AMERTEER Kitchen Sink Caddy Sponge Holder,304 Stainless Steel Holder for Sink,Kitchen Organizer Soap Brush Dispenser,Countertop with Removable Drain Tray, Black",Cleaning & Hygiene Supplies ,Jiantes-UAE,High
2023,23/05/2023,79.99,"Chenille Home 100% Waterproof Mattress Quilted Pad Cover, Comfortable Breathable Noiseless Single Bed Topper, Hypoallergenic Protector for Old People Baby Pet Lovers(120x200)",Bedding,Chenille Home Store,High
2023,23/05/2023,49.00,"
TYCOM Bathroom Rugs Bath Mat, 50x80cm, Non-Slip Fluffy Soft Plush Microfiber Shower Carpet Rug, Machine Washable Quick Dry Ultra Shaggy Bath Mats for Tub, Bathroom and Shower-Light Blue",Home Imporvement,TyCom AMZ,High
2023,23/05/2023,49.00,"TYCOM Bathroom Rugs Bath Mat, 50x80cm, Non-Slip Fluffy Soft Plush Microfiber Shower Carpet Rug, Machine Washable Quick Dry Ultra Shaggy Bath Mats for Tub, Bathroom and Shower-Dark Blue",Home Imporvement,TyCom AMZ,High
2023,23/05/2023,25.99,"
AKOD Shower slipper for Women Men, Slides Shoes bathroom or indoor use, anti-slip Quick-Drying (Navy Blue B 44/45)",Home Imporvement, AKOD,High
2023,23/05/2023,115.00,"Zed Modern TV Stand And Coffee Table Modern Living Room TV Unit, Black, 110x30x46cm",Home Imporvement,Modern Home DXB,High
2023,23/05/2023,455.00,"PHILIPS PowerPro Active Royal Blue:2000W, 410W suction power, Power Cyclone 7 technology, new Turbo brush nozzle design, HEPA filter FC9570/62 - - UAE Version""Min 1 year manufacturer warranty""",Appliance,Amazon.ae,High
2023,23/05/2023,667.00,"Philips Vertical Garment Steamer Comforttouch Plus, Purple, 1.8 Litre, Gc558/36,, 1800 ml -",Appliance,Amazon.ae,High
2023,23/05/2023,6.49,"Bcleen Heavy Duty Oven Cleaner Spray, Unscented, 750Ml",Cleaning & Hygiene Supplies ,Amazon.ae,High
2023,23/05/2023,56.67,"Old Spice Original Shower Gel For Men, 3 x 250 ml",Toiletries ,Amazon.ae,High
2023,23/05/2023,30.45,"Bio Balance Organic Argan Oil Conditioner, 330 Ml",Toiletries ,Amazon.ae,High
2023,23/05/2023,43.00,"
Sensodyne Multi Care + Whitening Toothpaste For Sensitive Teeth, Superior Whitening Action, 75Ml, Pack Of 2",Toiletries ,Amazon.ae,High
2023,23/05/2023,93.99,"LEART Valet Tray for Men & Women – Leather Tray Organizer | Bedside, Nightstand, Office Desk Organizer Tray | Catchall Tray (Deal Pack of 2 - Black & Brown)",Home Imporvement,ISRA Retail,High
2023,25/05/2023,80.00,HUA QIANG WANG Creative 3 Heads Diamond Shape Hanging Lamp Modern Industrial Pendant Light,Home Imporvement,BENBON,High
2023,25/05/2023,49.40,"4 Pack 6W G95 2200K Amber Warm, Old Fashioned Style Globe LED Bulb, Vintage E27 Edison Light Bulb Screw Base Retro Antique Filament Bulbs, 1Year warranty.",Home Imporvement,Big brands Souq AE,High
2023,27/05/2023,42.00,"Amazon Basics 36 Pack AAA High-Performance Alkaline Batteries, 10-Year Shelf Life, Easy to Open Value Pack",Gadget Acessories,Amazon.ae,High
2023,27/05/2023,22.75,"Home Choice, 5 Gallons Pack of 5 Drawstring, White, 150 Garbage Bags, Size 46x52 cm, Trash Bags, Bin Liner, Waste Bags for Indoor and Outdoor Purposes",Cleaning & Hygiene Supplies ,Amazon.ae,High
2023,27/05/2023,20.55,"Sanita Club Garbage Bags Twin Pack Roll , 55 Gallons X-Large ,30 Bags",Cleaning & Hygiene Supplies ,Amazon.ae,High
2023,27/05/2023,19.50,"Premify Spice Jar Labels Stickers, 60 Preprinted and 12 Blank Labels| Waterproof Kitchen Labels| Fits Round Bamboo Jars or Rectangular Spice Jars| Herb Seasoning Kitchen Pantry Labels Stickers",Kitchen Acessories ,Premify-Uae,High
2023,27/05/2023,30.25,Duracell - AAA 1.5V Alkaline LR03 / MN2400 Batteries 50% Extra Life Long Power Pack Of 8-10 Years Shelf,Gadget Acessories,Amazon.ae,High
2023,29/05/2023,34.94,"Gorilla Glue Heavy-Duty Double Sided Clear Mounting Tape, 25.4Mm X 1.52M",Home Imporvement,HASANAT WEBSTORE,High
2023,29/05/2023,11.25,"Faber Castell Whiteboard Marker Bullet Set Of 4Pc + Duster, ASSORTED, 1587D",Stationary ,Amazon.ae,High
2023,29/05/2023,19.99,"Feather Duster, منفضة الريش, Necomi® Microfiber Duster, Improved Long Pole Duster (30 to100 inches), Microfiber Bendable Head & Scratch-Resistant Hat for Clean Ceiling Fan, High Ceiling, Blinds & Car",Cleaning & Hygiene Supplies ,Necomi Store,Medium
2023,30/05/2023,54.99,"ECASA™ Revolving Spice Rack Set with 16 PCS Spice Jars, 16-Jar Countertop Spice Rack Tower Organizer with Free 16PCS Spice Labels-Kitchen Spice Tower Organizer for Countertop or Cabinet",Kitchen Acessories ,LAIBA SMART STORE,High
2023,30/05/2023,34.02,Parker Jotter Standard CT Ball Pen (Black),Stationary ,Amazon.ae,Medium
2023,31/05/2023,61.00,"Terro Liquid Ant Killer 6 Bait Stations, 2.2fl. oz/0.36 fl. Oz",Pest Control, Esthetica,High
2023,31/05/2023,25.10,"Air Wick Life Scents Multi-Layered Fragrance Reed Diffuser Turquoise Oasis (Driftwood, Sea Spray & Warm Breeze), Eliminates Bad Odour like Cat Litter Smell, 30 ml",Cleaning & Hygiene Supplies ,Amazon.ae,High
2023,31/05/2023,19.90,Glade Carpet & Room Powder Clean Linen (643259)32Oz,Cleaning & Hygiene Supplies ,Amazon.ae,High
2023,03/06/2023,33.81,"Cantu Men's Cream Pomade Strong Hold Soft Touch, 8 Oz.",Grooming ,Amazon.ae,High
2023,03/06/2023,30.00,"EXCOVIP 12x18 inches Bar Service Mat, Non Slip Polyvinyl Chloride Bar Mat Drink Coasters Leakproof for Bar Kitchen,Black",Kitchen Acessories ,SUDAIM TRADERS,High
2023,05/06/2023,16.90,"Door Stop Wedges, 3 Pack Rubber Door Stoppers with Holders, Stackable and Slip-Resistant for Tiles, Carpet, Wood and Laminate Floors and Other Floor Surfaces Stop - White & Grey",Home Imporvement,Amazon.ae,High
2023,10/06/2023,44.44,"Premium Black Velvet Hangers 30 Pack - Ultra Thin Space Saving Suit Hangers - Heavy Duty - Non Slip Velvet Coat Hanger - 360° Swivel Hook - Flock Clothes Hangers For Suits, Jackets, Trousers, Jeans…",Garments & Laundry Supplies,ApparelPoint,High
2023,16/06/2023,121.50,"Royal Canin Fbn British Shorthair Kitten 2 Kg Feline Breed Nutrition Cat Food, Multicolor, 1792, British Shorthair Kitten Cat Dry Food",Pet Acessories,Amazon.ae,High
2023,16/06/2023,33.91,"Purina Fancy Feast Turkey Cat Food, 3 Ounce",Pet Acessories,Amazon.ae,High
2023,19/06/2023,11.25,"Harpic Flushmatic Original In-Cistern Toilet Cleaner, 50g (Pack of 3)",Cleaning & Hygiene Supplies ,Amazon.ae,High
2023,19/06/2023,14.00,CELLO TOP BALL RETRACTABLE PEN 0.7MM BLISTER OF 5PC BLUE,Stationary ,Amazon.ae,High
2023,19/06/2023,27.77,"5 Gallon Water Dispenser Stand, Portable Stainless Steel Water Jug Stand Water Cooler Stand Water Bottle Stand Rack with Water Spouts Dispenser Valves for Non-screw Top (1 Stand+2 Spouts)",Kitchen Acessories ,Amazon.ae,High
2023,19/06/2023,12.00,Bcleen Quick Table Sanitizer 900 ml,Cleaning & Hygiene Supplies ,Amazon.ae,High
2023,19/06/2023,19.00,"Royalford Stainless Steel Y-Peeler, RF6113, Assorted",Kitchen Acessories ,Amazon.ae,High
2023,19/06/2023,21.50,"98Pcs Sewing Kit Bundle Mini Travel Accessories Tools for Beginners, Emergency Needs",Garments & Laundry Supplies,Ideal-Home,medium
2023,19/06/2023,19.99,GENER Strainer (Set of 3 Pieces),Kitchen Acessories ,Store.89,High
2023,19/06/2023,19.99,"MahMir® Pot Strainer and Pasta Strainer - Adjustable Silicone Clip On Strainer for Pots, Pans, and Bowls - Kitchen Colander (Green)",Kitchen Acessories ,MahMir,Low 
2023,21/06/2023,49.99,"Airtight Food Storage Containers with Lids, 2.8L Pasta Containers for Pantry Organization and Storage, BPA Free Kitchen Storage Containers for Spaghetti, Flour, Sugar and Noodles, (4pcs Pack)",Kitchen Acessories , MahMir,High
2023,21/06/2023,35.00,Lemon Squeezer Stainless Steel with Premium Quality Heavy Duty Solid Metal Squeezer Bowl - Large Manual Citrus Press Juicer and Lime Squeezer Stainless Steel,Kitchen Acessories ,Choice_mart,High
2023,29/06/2023,10.60,"Prestige Plastic Funnel Set, 3 Pieces, White",Kitchen Acessories ,Amazon.ae,High
2023,29/06/2023,49.99,"Airtight Food Storage Containers for Kitchen Organization 7 PC - Plastic Food Canisters with Lids, Labels, Marker & Spoons for Pantry Organization and Storage - Cereal, Flour and Sugar Containers",Kitchen Acessories ,BusinessStore01,High
2023,29/06/2023,10.83,Red Kidney Beans 1kg,Food Consumable ,Amazon.ae,High
2023,29/06/2023,22.00,Nail Clippers Sets High Precisio Stainless Steel Nail Cutter Pedicure Kit Nail File Sharp Nail Scissors and Clipper Manicure Pedicure Kit Fingernails & Toenails with Portable stylish case,Grooming ,house of beauty,High
2023,29/06/2023,11.99,Food Storage Boxes With Lids Freezer Safe Volwco 3 Pcs 4.7L Large Plastic Kitchen Refrigerator Stackable Food Fruit Storage Containers With Handle,Kitchen Acessories ,Unicornia,High
2023,29/06/2023,11.76,Puck Havarti Natural Cheese Slices 150g,Food Consumable,Lulu - Amazon ,High
2023,29/06/2023,57.96,AL Areesh Frozen Chicken Breast 2kg,Food Consumable,Lulu - Amazon ,High
2023,29/06/2023,12.48,Bayara Chick Peas Mexico 1kg,Food Consumable,Lulu - Amazon ,High
2023,29/06/2023,13.12,Puck Cooking Cream Low Fat 500ml,Food Consumable,Lulu - Amazon ,High
2023,29/06/2023,4.31,Heinz Tomato Paste - 370 Gm,Food Consumable,Lulu - Amazon ,High
2023,29/06/2023,48.77,Voss Sparkling Water 800ml,Food Consumable,Lulu - Amazon ,High
2023,30/06/2023,35.99,mafiti Electric Bug Zappers， mafiti Electric Fly Swatter Rechargeable Mosquito Zapper Bug Zapper Racket Fly Killer Indoor Outdoor Light Camping Accessories (Blue),Pest Control,Boomtek AE,High
2023,09/07/2023,37.98,"Beardo Hair Wax Strong Hold Crystal Wax Natural, 100 g (Pack of 1)",Grooming ,dealsdestination-uae,High
2023,10/07/2023,21.77,"Precision Oven Dial Thermometer 600 Degree Kitchen Oven thermometer, Oven Meat Grill Fry Chef Smoker Thermometer, Restaurant Instant Read Stainless Steel Thermometer Cooking & Baking",Kitchen Acessories , BePrincess,High
2023,10/07/2023,6.21,Bayara Chilli Crushed 200g,Food Consumable,Amazon.ae,High
2023,10/07/2023,4.00,"Hotpack White Cupcake Paper - 5.5cm, 100Pcs",Kitchen Supplies ,Amazon.ae,Low 
2023,10/07/2023,5.80,"Sanita Cooking & Baking Paper ,Size (30cm X 10M) 1 Roll",Kitchen Supplies ,Amazon.ae,Low 
2023,10/07/2023,9.99,"Royal Apex Ultra Refined Purified Butane Lighter Refill Gas 130g, Suitable for Fill Worlds Almost Lighters with Variety of Six Different Nozzles (1)",Miscellaneous,Amazon.ae,High
2023,10/07/2023,57.75,"Optimum Nutrition (ON) Omega 3 Fish Oil Softgels for Active Adults - 300 MG, 100 Softegls",Supplements ,Amazon.ae,High
2023,10/07/2023,5.99,"Cosmoplast Plastic Round Flowerpot 6” With Tray, White",Gardening Tool & Accessories ,Amazon.ae,medium
2023,10/07/2023,5.50,"Porceletta Color Glaze Porcelain Round Ashtray, 4 Inch Size, Green",Miscellaneous,Amazon.ae,High
2023,10/07/2023,15.95,Trixie Cat Grass Refill Bag for Cats 100g,Pet Acessories,Amazon.ae,High
2023,13/07/2023,27.00,"2 Pcs Professional Business Card Case, SENHAI Stainless Steel & PU Leather Business Card Holder with Magnetic Shut Pocket Name Credit ID Card Case for Men and Women",Wallet Accessories,yayamoa,High
2023,13/07/2023,16.00,"Generic Home Pro Plastic Popcorn Bucket 2.5L,Home Pro Plastic Popcorn Bowls for Movie Night, Yellow, 5368",Kitchen Acessories ,Amazon.ae,High
2023,15/07/2023,24.70,"BLACKSTONE Nonstick Bakeware Rectangular Baking Pan, Cookie Sheets, Roasting Pan Professional for Oven, Easy Clean Baking Tray… (37X25.5X5 CM)",Kitchen Acessories ,AWM.UAE,medium
2023,15/07/2023,61.83,"I Will Teach You To Be Rich, Second Edition: No Guilt. No Excuses. No Bs. Just A 6-Week Program That Works",Books ,Amazon.ae,Medium
2023,19/07/2023,4.95,"Beardo Hair Wax Xxtra Strong Hold, 100 gm",Grooming ,Amazon.ae,High
2023,20/07/2023,39.99,"ETech Silicone Case for iPhone 11 Pro 5.8-Inch, Silky-Soft Touch Full-Body Protective Phone Case, Shockproof Cover with Microfiber Lining (Black)",Phone Acessories,JE Products AE,High
2023,25/07/2023,121.50,"
Royal Canin Fbn British Shorthair Kitten 2 Kg Feline Breed Nutrition Cat Food, Multicolor, 1792, British Shorthair Kitten Cat Dry Food",Pet Acessories,Amazon.ae,High
2023,25/07/2023,26.00,SKY-TOUCH 10 Piece Measuring Cups and Measuring Spoons Set with Detachable Ring – Stainless Steel Stackable 5 Cups 5 Spoons with Silicone Grip Handle to Measure Dry Liquid Food for Cooking or Baking,Kitchen Acessories ,Amazon.ae,High
2023,25/07/2023,319.75,"Dymatize ISO 100 Whey Protein Powder with 25g of Hydrolyzed 100% Whey Isolate, Chocolate Peanut Butter, 5 Pound",Supplements ,HEALTHFOOD,High
2023,26/07/2023,52.99,"2.4 Gallon Kitchen Compost Bin for Counter Top or Under Sink,O9 O-Nine Hanging Small Trash Can with Lid for Cupboard/Bathroom/Bedroom/Office/Camping, Mountable Indoor Compost Bucket, Coffee",Cleaning & Hygiene Supplies ,O9 O-Nine UAE,High
2023,26/07/2023,8.26,"Ajinomoto Umami Seasoning Pure Monosodium Glutamate, 100G, Crystal White",Food Consumable,Amazon.ae,Medium
2023,26/07/2023,6.70,"
Bayara Cinnamon Powder, 40g",Food Consumable,Amazon.ae,Medium
2023,28/07/2023,12.95,"
Dr. Beckmann Spray Starch Easy Ironing 500ml",Garments & Laundry Supplies,Amazon.ae,High
2023,30/07/2023,24.15,Arm & Hammer 20oz CatLitt Deodorizer,Pet Acessories,Amazon.ae,High
2023,30/07/2023,18.74,"Harpic Pine Active Fresh Toilet Cleaner, 750 ml, Pack of 3",Cleaning & Hygiene Supplies ,Amazon.ae,High
2023,30/07/2023,39.00,"Amazon Basics Lightweight Super Soft Easy Care Microfiber Bed Sheet Set with 14” Deep Pockets - Twin XL, Dark Teal",Bedding,Amazon.ae,High
2023,30/07/2023,35.00,"Amazon Basics Lightweight Super Soft Easy Care Microfiber Bed Sheet Set With 14” Deep Pockets - Twin XL, Emerald Green",Bedding,Amazon.ae,High
2023,31/07/2023,17.57,"Organic Chia Seeds For Weight Loss By Down To Earth Foods, 100% Organic, Improves Digestive Health, Natural Black Chia seeds - 300 gms",Food Consumable,Amazon.ae,High
2023,31/07/2023,49.00,"High Absorption Magnesium Glycinate - 120 Veg Capsules - Supplement to Support Stress Relief, Sleep, Heart Health, Nerves and Muscles",Supplements ,BestPicks UAE,High
2023,01/08/2023,5.00,"Porceletta Color Glaze Porcelain Round Ashtray, 4 Inch Size, Green",Miscellaneous,Amazon.ae,High
2023,06/08/2023,9.00,"Vileda Tip Top Dish Washing Medium Foam Sponge Scourer Promo 5 Pcs, Long-Lasting and Durable, Sensitive Surfaces, Yellow & Green, (5 Pcs Per Pack)",Cleaning & Hygiene Supplies ,Amazon.ae,High
2023,06/08/2023,17.50,"
Hicarer Pack of 1000 Mini Rubber Bands Soft Elastic for Kids Hair, Braids Wedding Hairstyle and More (Black)",Grooming ,Best Ladies,High
2023,06/08/2023,24.44,"Neutrogena Clear and Defend Facial Scrub, 150 ml",Toiletries ,SuperStore ME,Medium
2023,13/08/2023,12.00,Bcleen Quick Table Sanitizer 900 ml,Cleaning & Hygiene Supplies ,Amazon.ae,High
2023,13/08/2023,22.00,"Bio Balance Organic Aloe Vera Shampoo, 330 Ml",Toiletries ,Amazon.ae,High
2023,14/08/2023,34.19,"nteractive Cat Toys Balls, Necomi Intelligent Automatic Cat Ball with LED Light, USB Rechargeable, 360° Rotating Smart Kitten Toys for Indoor Cats Funny Stimulate Hunting Instinct Chasing Ball, Blue",Pet Acessories,XBD UAE Store,Medium
2023,15/08/2023,46.00,"The 4-Hour Work Week: Escape The 9-5, Live Anywhere And Join The New Rich",Books ,Amazon.ae,high
2023,15/08/2023,26.00,How To Win Friends And Influence People By Dale Carnegie - Paperback,Books ,Amazon.ae,high
2023,28/08/2023,264.00,"
Braun Healthcare ExactFit 5 Connect smart blood pressure monitor (clinically accurate, Bluetooth, irregular heartbeat detection, easy reading) BUA6350EU",Fitness Acessories,WAHAT AL ELAJ,high
2023,29/08/2023,228.15,"Royal Canin Fbn British Shorthair Adult 4 Kg Feline Breed Nutrition Cat Food, Multicolor, 03Rcbsh4K, British Shorthair Adult Cat Dry Food",Pet Acessories,Amazon.ae,High
2023,31/08/2023,59.70,"Nature’s Bounty Acidophilus Probiotic, Daily Probiotic Supplement, Supports Digestive Health, 1 Pack, 120 Tablets",Supplements , ICANLO,Medium
2023,31/08/2023,19.00,The Alchemist By Paulo Coelho - Paperback,Books ,Amazon.ae,High
2023,05/09/2023,279.00,"Tramontina 7 Piece Cookware Set | cookware, frying pan, pots and pans, kitchen cookware, Stainless Steel Glass Lids",Kitchen Acessories ,Amazon.ae,High
2023,06/09/2023,36.00,"UGREEN iPhone Charger Cable 1M[MFi Certified] USB C to Lightning Cable Fast Charging Power Delivery PD 20W iPhone Cable for iPhone 14/14 Pro/14 Plus/14 Pro Max, iPad Pro, iPhone 8-13 All Series",Phone Acessories,UGREEN GROUP LIMITED UAE,High
2023,06/09/2023,63.20,"UGREEN PD 20W USB C Charger Cable Set for iPhone 14 Pro Charger Cord Type C Fast Charging Wall Plug with iPhone Lightning Cable Compatible for iPhone 14 Pro/14 Pro Max/14 Plus/14/13/12/11/Xs, iPad Pro",Phone Acessories,UGREEN GROUP LIMITED UAE,High
2023,11/09/2023,45.05,"Arm & Hammer Super Scoop Clumping Litter, 6.35 kg",Pet Acessories, DEFENCE TRADING CO L.L.C,Low 
2023,15/09/2023,45.52,MuscleTech Platinum Multi Vitamin 90ct US (RB),Supplements ,Amazon.ae,Medium
2023,19/09/2023,21.00,Arm & Hammer 20oz CatLitt Deodorizer,Pet Acessories,Amazon.ae,High
2023,20/09/2023,16.00,"Vileda Tip Top Dish Washing Medium Foam Sponge Scourer Promo 5 Pcs, Long-Lasting and Durable, Sensitive Surfaces, Yellow & Green, (5 Pcs Per Pack)",Cleaning & Hygiene Supplies ,Amazon.ae,High
2023,28/09/20923,38.64,"Simple Solution Extreme Cat Stain Odour Remover, White, 500 Ml",Cleaning & Hygiene Supplies ,Amazon.ae,High
2023,28/09/20923,16.48,"Enviro Care Trash Bags XX-Small, White, Pack Of 5",Cleaning & Hygiene Supplies ,Amazon.ae,High
2023,28/09/20923,48.98,"Old Spice Original Shower Gel For Men, 3 x 250 ml",Toiletries ,beauty link,High
2023,29/09/2023,405.00,"Portable Bathtub Foldable, Bath Tub with Freestanding Shower Stall, Adult Bathroom Foldable Tub for Small Space Hot Bath Ice Bath Spa Tub Adult size Large size (33.5 x 29.5 x 29.5 inches, Navy))",Fitness Acessories,Amazon.ae,High
2023,30/09/2023,24.95,Indian Mutton Shoulder Cuts 500g Approx. Weight,Food Consumable,Lulu - Amazon ,High
2023,30/09/2023,6.30,Banana Chiquita Ecuador 1 kg Approx.,Food Consumable,Lulu - Amazon ,High
2023,30/09/2023,4.40,Lime Seedless Vietnam 250 g Approx.,Food Consumable,Lulu - Amazon ,High
2023,30/09/2023,11.45,Broccoli Spain 500 g Approx.,Food Consumable,Lulu - Amazon ,High
2023,30/09/2023,24.95,Indian Mutton Shoulder Cuts 500g Approx. Weight,Food Consumable,Lulu - Amazon ,High
2023,30/09/2023,7.50,Lulu Fresh Onion Bag India 2kg,Food Consumable,Lulu - Amazon ,High
2023,02/10/2023,17.40,"Whole Grains Are Consistently Linked To Better Heart Health. Therefore, It Should Come As No Surprise That Regularly Adding Barley Your Diet May Lower Risk Of Disease",Food Consumable,Amazon.ae,High
2023,02/10/2023,72.81,"Sunfood Superfoods Black Maca Powder Organic Raw, 4 Oz.",Supplements ,Amazon.ae,High
2023,02/10/2023,21.50,Farm Organic | Organic Wheatgrass Powder | 100g | Vegan | NonGMO | Halal | Gluten Free,Supplements ,Amazon.ae,High
2023,02/10/2023,23.99,"3 PCS Neck Gaiter Fishing Mask Bandana Sun Wind Dust Protection UV Headwear Balaclava Magic Scarf 1 Pair Wristband for Men Women Hunting, Cycling, Motorcycling, Running",Garments,UAE Direct,Low 
2023,06/10/2023,48.53,SKY-TOUCH 11-Piece Bar Tool Set with Stylish Bamboo Stand - Perfect Home Bartending Kit and Martini Cocktail Shaker Set For an Awesome Drink Mixing Experience,Kitchen Acessories ,Amazon.ae,High
2023,10/10/2023,20.00,"Fine Classic Euphoria Facial Tissue, Sterilized Tissue Box,10 Boxes, 2 Ply × 130 Sheets, Cotton Feel Tissue Suitable for All Settings, Fine Tissue St",Cleaning & Hygiene Supplies ,Amazon.ae,High
2023,15/10/2023,82.75,Royal Canin FBN British Shorthair Wet Food Pouches Box of 12x85g Feline Breed Nutrition Cat Food,Pet Acessories,Amazon.ae,High
2023,24/10/2023,16.39,"SKY-TOUCH Silicone Spatula Set - 6 Piece Non-Stick Rubber Spatula Set, Heat-Resistant Spatula Kitchen Utensils Set for Cooking, Baking and Mixing",Kitchen Acessories ,Amazon.ae,High
2023,24/10/2023,19.47,NeoLavish - Microfiber Cleaning Cloth - 3Pack - Kitchen Towel Microfiber Set - Cleaning Towels - Reusable Microfibre Cloths - All-Purpose Kitchen Towel Cloth - Lint Free Cloth,Coffee Acessories ,Neolavish,High
2023,24/10/2023,28.05,L'Oreal Paris Studio Line Mineral Control Invisi Gel Extra Strength 150Ml,Grooming ,Amazon.ae,Low 
2023,24/10/2023,12.00,Bcleen Quick Table Sanitizer 900 ml,Cleaning & Hygiene Supplies ,Amazon.ae,High
2023,25/10/2023,687.66,"Ray-Ban Square Sunglasses For Unisex - Green, Rb2140 901/5854",Fashion,Amazon.ae,High
2023,26/10/2023,59.99,"FEISEDY Unisex Sunglasses, Retro Square Oversized Sunglasses for Women Men, UV Protection Anti Eyestrain Fashion Shade, for Driving Traveling, Partty Sun Glasses, All-Match Eyewear B2385",Fashion,FEISEDY-AE,High
2023,26/10/2023,59.99,"FEISEDY Unisex Sunglasses, Retro Square Oversized Sunglasses for Women Men, UV Protection Anti Eyestrain Fashion Shade, for Driving Traveling, Partty Sun Glasses, All-Match Eyewear B2385",Fashion,FEISEDY-AE,High
2023,30/10/2023,24.95,"Air Wick life scents multi-layered fragrance reed diffuser turquoise oasis (driftwood, sea spray & warm breeze), eliminates bad odour like cat litter",Cleaning & Hygiene Supplies ,Amazon.ae,High
2023,30/10/2023,12.00,Bcleen Quick Table Sanitizer 900 ml,Cleaning & Hygiene Supplies ,Amazon.ae,High
2023,01/11/2023,67.00,"ESR for iPhone 15 Case Cover, Compatible with MagSafe, Military-Grade Protection, Yellowing Resistant, Scratch-Resistant Back, Magnetic Phone Case for iPhone 15, Classic Series, Clear",Phone Acessories,Dexterifytech AE Store_ESR Official,medium
2023,02/11/2023,21.06,"Beardo Hair Wax Xxtra Strong Hold, 100 gm",Grooming ,Amazon.ae,High
2023,02/11/2023,27.99,4 oz. Brown Disposable Ripple Insulated Coffee Cups - Hot Beverage Corrugated Paper Cups [50 cups],Coffee Acessories ,MARKQ-AE,High
2023,02/11/2023,35.90,"Anker USB-C to USB-C Cable, 643 Cable 100W 6ft, USB 2.0 Type C Charging Cable Fast Charge for MacBook Pro 2020, iPad Pro 2020, iPad Air 4, iPad Mini 6, Galaxy S21, Pixel, Switch (Cloud White)",Phone Acessories,AnkerDirect AE,High
2023,07/11/2023,24.95,"
Abdulla Yousuf Majid Charco-Lite, Smart Charcoal Tablets, 40 Mm",Oudh & Oudh Accessories ,Amazon.ae,High
2023,13/11/2023,999.00,Charbroil Char-broil - Charcoal Grill 580 - Black,BBQ Accessories,Champions LTD,High
2023,13/11/2023,48.00,5pcs Stainless-steel BBQ Grill Tool Set with Knife Brush Fork Spatula and Tong with Oxford Bag,BBQ Accessories,Music-Instrument,High
2023,13/11/2023,29.00,Weber Natural Brown Lighter Cubes,BBQ Accessories,Amazon.ae,High
2023,13/11/2023,38.90,"Arabest Grill Brush, 3 in 1 Rust Resistant Stainless Steel Grill Scraper Bbq Brush with Hook, Safe Wire Scrubber, 45cm Extra Strong Grill Cleaning Brush for Outdoor Grill (Black)",BBQ Accessories,unshineseller,High
2023,13/11/2023,187.65,Weber Floor Protection Mat 120 x 80 cm,BBQ Accessories,Amazon.ae,High
2023,13/11/2023,49.59,"Weber Grate Cleaner, Black 300 ml (Pack of 1) 17875",BBQ Accessories,Amazon.ae,High
2023,13/11/2023,109.00,"Black & Decker 126 Pieces Hand Tool Kit In Kitbox For Home Diy & Professional USe, Orange/Black - Bmt126C,",Tools ,Amazon.ae,High
2023,13/11/2023,25.00,"ECVV 6 Pcs BBQ Skewers Set, 19 inch Turkish Skewers with Wooden Handle, Stainless Steel Kebab Skewers, for Koobideh Kebab, Turkish Style BBQ",BBQ Accessories,Amazon.ae,High
2023,13/11/2023,17.00,"ROYALFORD Barbeque Grill With Wooden Handle, Folding Portable Bbq Basket For Fish Vegetables Shrimp, Larger Grilling Area, Lockable Grate Silver M, RF10389",BBQ Accessories,Amazon.ae,High
2023,13/11/2023,35.00,Weber Apple Wood Chips,BBQ Accessories,Amazon.ae,High
2023,13/11/2023,36.00,"Barbecue Grill Light Magnetic Base Super-Bright LED BBQ Lights - 360 Degree Flexible Gooseneck, Weather Resistant, Batteries No-Included - Pack of 2",BBQ Accessories,Valuabledeal,medium
2023,13/11/2023,26.00,"BLACKSTONE Charcoal Holder, Charcoal Chimney Starter for Outdoor Grill or Camp, charcoal Chimney Starter with wooden handle, Charcoal Box - BBQ Accessories - SCBQ03",BBQ Accessories,Amazon.ae,High
2023,13/11/2023,27.00,"CZHEN BBQ Gloves 800 ? / 1472 Extreme Heat Resistant Grilling Non-Slip Oven with Fingers Outdoor Cooking Mitts for Barbecue, Grill, (Black 1 Pair)",BBQ Accessories,BlingGo-UAE,High
2023,15/11/2023,69.00,"BIODERMA Photoderm Max Body Sunscreen Spray Spf 50+, 200 Ml",Grooming , KUKH,High
2023,15/11/2023,14.99,"Hair Detangler Brush Natural Wet Detangling Brush for Kinky Curly Hair, Black",Grooming ,Milano beauty ⭐⭐⭐⭐⭐,High
2023,15/11/2023,17.00,"Amazon Basics Standard Dog Poop Bags With Dispenser and Leash Clip, Unscented, 300 Count, 20 Pack of 15, Black, 33 x 22.8 centimeters",Pet Acessories,Amazon.ae,High
2023,15/11/2023,30.00,TOSHIBA Heavy Duty AAA 24 Battery Pack,Gadget Acessories,Amazon.ae,High
2023,15/11/2023,39.74,"Wax Paper Burger Discs, 500 Pieces, Round, 11 cm, Non- Stick Parchment Paper for Burger Press and Patty Makers | Wax Sheets for Hamburger, Burger Patties, Meat Balls",Kitchen Supplies ,Zenbione,High
2023,15/11/2023,33.19,Smash Burger Press Grill Stainless Steel Cooking Smasher Round and Square Accessories Kit for Flat Hamburger Patty Maker 5.5 Inch (Wooden Round Handle),Kitchen Acessories ,Goggy E-Commerce Company,High
2023,20/11/2023,84.00,Hosseini MM Export 3-Copy Boxed Set,Books ,Amazon.ae,High
2023,20/11/2023,33.00,"Sensodyne Multi Care + Whitening Toothpaste For Sensitive Teeth, Superior Whitening Action, 75Ml, Pack Of 2",Toiletries ,Amazon.ae,High
2023,20/11/2023,31.40,"Arm & Hammer Pure Baking Soda, 1.81 kg",Cleaning & Hygiene Supplies ,Amazon.ae,High
2023,23/11/2023,67.98,Globalstar Refreshing Wet Towel RT01 Set of 20 Pieces (Lemon),Gifts ,THE COSMETICS MALL,Low 
2023,01/12/2023,15.50,"Harpic Flushmatic Original In-Cistern Toilet Cleaner, 50g (Pack of 3)",Cleaning & Hygiene Supplies ,Amazon.ae,High
2023,01/12/2023,69.68,Venice 1000 Piece Jigsaw Puzzle,Home Games ,Amazon.ae,High
2023,01/12/2023,11.25,WD-40 Aerosol Lubricants Multi-Use Spray - 100 ml,Tools ,Amazon.ae,High
2023,01/12/2023,68.00,"Acrylic Risers Display Stand 4 Tiered Clear Display Shelf for Small Collectibles, Perfume Organiser Holder Cupcake Dessert Stands Nail Polish Organizer Rack Acrylic Storage Shelves for Pop Figures",Home Imporvement,Dongguanshixinzhoumaoyiyouxiangongsi,High
2023,01/12/2023,50.50,WILSON ALUMINIUM COPPER HAMMERED WOK WITH INDUCTION BOTTOM AND MARBLE COATING INSIDE- 32CM (CKB4-CPR-WK32),Kitchen Acessories ,Amazon.ae,High
2023,02/12/2023,120.81,"Fruit Of The Loom Men's Eversoft Cotton Stay Tucked Crew T-Shirt, Regular - 6 Pack - White, M",Garments,Amazon.ae,High
2023,02/12/2023,20.00,"Generic mens Sneaker Cleaning wipes Shoe Care Product, Natural, Large",Sneaker Acessories ,Marjan ST,medium
2023,02/12/2023,27.99,"Cat Water Fountain Filters, 5-Packs Pet Water Dispenser Filter With Triple Filtration System, Pet Fountain Carbon Filters Compatible with 3L Automatic Pet Fountain",Pet Acessories,XBD UAE Store,High
2023,04/12/2023,89.99,"THE WHITE SHOP 8pcs Natural Wood Bird Perch Wooden Parrot Perch Stand Fork Toys Hanging Multi-Branch Perch Platform Hammock Swing Toy for Macaws, Small Parakeets, Conures.",Pet Acessories,Your Tree Products,Low 
2023,04/12/2023,17.27,RIO Spray Millet Natural Treat for All Birds 100g,Pet Acessories,Amazon.ae,Low 
2023,04/12/2023,12.30,Zolux Bird Bath Internal,Pet Acessories,Amazon.ae,Low 
2023,04/12/2023,21.32,"Bio Balance Organic Aloe Vera Shampoo, 330 Ml",Toiletries ,Amazon.ae,High
2023,04/12/2023,37.24,Beaphar Multivitamin Liquid With Taurine For Cat 50 Ml,Pet Acessories,Amazon.ae,High
2023,04/12/2023,31.66,"Oral B Pro-Expert Pulsar Toothbrush, Multi Colour, Assorted, 35 Medium",Toiletries ,Amazon.ae,High
2023,04/12/2023,24.15,Arm & Hammer Cat Litter Deodizer 567g,Pest Control,Amazon.ae,High
2023,04/12/2023,43.68,ZuPreem Smart Selects Parakeets 2lb,Pet Acessories,Amazon.ae,Low 
2023,x05/12/2023,29.90,"Qniceone Nut Milk Bags 4 PCS 12""x12""- Reusable Food Mesh Strainer, Almond Milk Nut Bag Cheese Bag, Food Grade Nylon Mesh for Straining, Celery Juice, Cold Brew Coffee, Yogurt Making",Kitchen Supplies ,NICEONE.uae,Medium
2023,05/12/2023,31.99,"DOQAUS Grill Thermometer Meat Thermometer Kitchen Thermometer Digital Thermometer with 3s Instant Readout, Foldable Long Probe and LCD Screen, Auto ON/Off for Kitchen, Grill, BBQ, Milk, Coffee, Water",Kitchen Acessories , DOQAUS UAE,Medium
2023,06/12/2023,20.25,"Carabiner Snap, Exquisitely High Strength Snap Hook, Black Carabiner, for Mountaineering for Backpack",Pet Acessories,Ccylezshy,Low 
2023,06/12/2023,59.99,"FUFU 12 Pack, 2 oz Small Clear Glass Bottles with Lids & 3 Stainless Steel Funnels - 60ml Boston Round Sample Bottles for Potion, Juice, Ginger Shots, Oils",Kitchen Supplies ,JOYFULHOME,High
2023,07/12/2023,15.29,Hagen Living World Cuttlebone White Twinpack - Small,Pet Acessories,Amazon.ae,Low 
2023,07/12/2023,13.00,Wilton Decorating Squeeze Bottles 12 oz 0261296,Kitchen Acessories ,Amazon.ae,Medium
2023,08/12/2023,60.99,"Santo Coffee Scale with Timer 3kg/0.1g High Precision Pour Over Drip Espresso Scale with Back-Lit LED Display (Batteries Not Included), black",Coffee Acessories ,Santo2019,High
2023,09/12/2023,23.70,"Prestige Mini Fry Pan - PR21820, Black",Kitchen Acessories ,Amazon.ae,Low 
2023,09/12/2023,12.00,Bcleen Quick Table Sanitizer 900 ml,Cleaning & Hygiene Supplies ,Amazon.ae,High
2023,11/12/2023,12.99,"Cosmoplast Plastic Round Flowerpot 10” With Tray, Terracotta, 10 Inches",Gardening Tool & Accessories ,Amazon.ae,Medium
2023,12/12/2023,17.88,"
4Pcs 25cm Garden Tool Set Shovel Cultivator Trowel Leaf Trimmer Rake Miniature Fairy Planting Transplanters Hand Kit, green",Gardening Tool & Accessories ,Richocean,Medium
2023,12/12/2023,30.00,RedOne AQUA HAIR GEL WAX Full Force Black -5 ounces /150 ml,Grooming ,THE COSMETICS MALL,High
2023,14/12/2023,12.99,"Cosmoplast Plastic Round Flowerpot 10” With Tray, Terracotta, 10 Inches",Gardening Tool & Accessories ,Amazon.ae,Medium
2023,18/12/2023,31.86,"
Shalimar Potting Soil - Organic Soil, 50 L",Gardening Tool & Accessories ,Amazon.ae,Medium
2023,18/12/2023,96.90,"Finish Powerball Dishwasher Detergent All in One Tablets for Deep Clean & Sparkling Shine, Lemon Sparkle - 50 Tabs (Pack of 2)",Cleaning & Hygiene Supplies ,Amazon.ae,High
2023,19/12/2023,42.00,"Melitta Anti Calc Bio Liquid Descaler, Coffee Machine Cleaner, Limescale Remover, 250ml",Coffee Acessories ,Amazon.ae,High
2023,19/12/2023,35.00,"
JuSoS 5L Watering Can Plant Watering Kettle Detachable Watering Can 2 In 1 Watering Can Facilities Of Large Capacity Watering Can For Indoor Outdoor Garden",Gardening Tool & Accessories ,MJ15store,Low 
2023,20/12/2023,139.99,"
Bath Gift Set for Women - Luxurious 8 Pcs Bath Set with Jasmine Scented, Includes Bubble Bath, Shower Gel, Milk Lotion & Butter, Hand Soap and More, Perfect Bath Gifts Set for Women",Gifts ,BFFLOVE,Low 
2023,20/12/2023,20.70,Spear & Jackson 2LPAPS 2 Litre (0.5 Gallon) Pump Action Pressure Sprayer,Gardening Tool & Accessories ,Amazon.ae,high
2023,22/12/2023,19.00,"KAICN Undated Weekly Planner Goals Notebook with Spiral Binding, A5 (5.7x8.0in)",Stationary ,GHeD-am,high
2023,22/12/2023,15.75,Showay Double-Sided Wood Foot Rasp Dead Skin Callus Remover Foot File Exfoliating Brush Wooden Handle Pedicure Scrubber,Grooming ,Amazon.ae,high
2024,09/01/2024,19.06,"Sanita Club Garbage Bags Twin Pack Roll , 55 Gallons X-Large ,30 Bags",Cleaning & Hygiene Supplies ,Amazon.ae,High
2024,10/01/2024,29.99,3Pcs Durable Honeycomb Mesh Laundry Bags for Delicates 12 x 16 Inches,Garments & Laundry Supplies,Fangluyi-ae,High
2024,12/01/2024,32.99,"Garment Steamer Ironing Glove, Waterproof Anti Steam Mitt with Finger Loop, Complete Care Protective Garment Steaming Mitt, Heat Resistant Gloves for Clothes Steamers (Large) (Grey)",Garments & Laundry Supplies,nnewvante,Low 
2024,11/01/2024,116.90,"eufy Smart Scale P2 Pro, Weight Scale with Wi-Fi, Bluetooth Weighning Scale, 16 Measurements Including Weight, Heart Rate, Body Fat, BMI, Muscle & Bone Mass, 3D Virtual Body Mode, 50 g/0.1 lb",Fitness Acessories,AnkerDirect AE,High
2024,23/01/2024,33.95,Earth's Finest Virgin Coconut Oil - 500ml | Cold-Pressed & Unrefined Cooking Oil | Natural Oil for Healthy Skin and Hair,Food Consumable,Amazon.ae,High
2024,23/01/2024,29.00,Dr Teal's Body Wash with Epsom Salt Sleep Blend with Melatonin 710Ml,Toiletries ,Amazon.ae,High
2024,24/01/2024,60.00,RedOne AQUA HAIR GEL WAX Full Force Black -5 ounces /150 ml,Grooming ,THE COSMETICS MALL,High
2024,24/01/2024,13.00,Wilton Decorating Squeeze Bottles 12 oz 0261296,Kitchen Supplies ,Amazon.ae,Medium
2024,24/01/2024,29.99,Paratoland 8 Pairs Oxford Waxed Dress Shoe Laces - Fomal Cotton Shoe Lace for Dress Boots - Round Shoe Strings for Leather Shoes,Sneaker Acessories , D-Sport,High
2024,25/01/2024,55.00,"Old Spice Original Shower Gel For Men, 3 x 250 ml",Toiletries ,beauty link,High
2024,25/01/2024,61.93,Eucerin 250 Ml Shampoo,Grooming ,BrandatMe,High
2024,25/01/2024,22.00,"Bio Balance Organic Aloe Vera Shampoo, 330 Ml",Toiletries ,Amazon.ae,High
2024,25/01/2024,24.75,"Fine Classic Euphoria Facial Tissue, Sterilized Tissue Box,10 Boxes, 2 Ply × 130 Sheets, Cotton Feel Tissue Suitable for All Settings, Fine Tissue Sterilized by Steripro, Pack may Vary",Cleaning & Hygiene Supplies ,Amazon.ae,High
2024,31/01/2024,18.00,"Bcleen Dish Wash Liquid For Dishwashing, Lemon - 5L",Cleaning & Hygiene Supplies ,Amazon.ae,High
2024,31/01/2024,22.00,"Bio Balance Organic Argan Oil Conditioner, 330 Ml",Toiletries ,Amazon.ae,High
2024,31/01/2024,24.15,Arm & Hammer Cat Litter Deodizer 567g,Pet Acessories,Amazon.ae,High
2024,01/02/2024,75.10,"Nature Smile Luxury Natural Wooden Suit Hangers - 6 Pack - Wood Coat Hangers,Jacket Outerwear Shirt Hangers,Glossy Finish with Extra-Wide Shoulder, 360 Degree Swivel Hooks & Anti-Slip Bar with Screw",Garments & Laundry Supplies,Amazon.ae,High
2024,02/02/2024,12.00,Bcleen Quick Table Sanitizer 900 ml,Cleaning & Hygiene Supplies ,Amazon.ae,High
2024,03/02/2024,9.45,"Xcluzive Facial & Body Hair Razor, Pack Of 3",Grooming ,Amazon.ae,High
2024,03/02/2024,65.00,"SHUOJIA Cloud Sliders for Women and Men Non-Slip Quick Dry Shower Slippers Ultra-Soft Thick Sole Slides Beach Sandals House Pillow Slides for Indoor & Outdoor (Light green,10UK)",Fashion, ruyanmaovb,High
2024,06/02/2024,19.20,"
Bcleen Disinfectant Floor Cleaner Liquid, Multisurface Cleaner, Lavender 5 Ltr",Cleaning & Hygiene Supplies ,Amazon.ae,High
2024,07/02/2024,57.50,Sadia Chicken Breast Cubes 1.5kg,Food Consumable,Lulu - Amazon ,High
2024,08/02/2024,15.21,"
SHOWAY Pill Cutter, Portable Tablet Cutter with Blade 2 In 1 Splitter Case for Pills Tablets Transparent Blue, Small Large Cut Half or Quarter",Miscellaneous,Amazon.ae,High
2024,15/02/2024,90.00,"
ECOTEAS Organic Yerba Mate Unsmoked Tea 24 Bags",Food Consumable,Elegance-Fashion,High
2024,16/02/2024,57.11,Cino Cleano Espresso Machine Cleaning Tablets (8 Count),Coffee Acessories ,Esthetica,High
2024,25/02/2024,95.80,Sadia Tender Chicken Breast 2kg + 1kg,Food Consumable,Lulu - Amazon ,High
2024,25/02/2024,10.75,Bayara garam masala powder - 200 gm,Food Consumable,Lulu - Amazon ,High
2024,25/02/2024,16.80,Tilda Brown Basmati Rice 1kg,Food Consumable,Lulu - Amazon ,High
2024,25/02/2024,8.95,"Bayara Garam Masala Whole, 100 gm",Food Consumable,Lulu - Amazon ,High
2024,25/02/2024,4.00,Ginger India 200 g Approx.,Food Consumable,Lulu - Amazon ,High
2024,25/02/2024,4.80,Fresh Turmeric India 200 g Approx.,Food Consumable,Lulu - Amazon ,High
2024,25/02/2024,10.25,"Vileda Rainbow Medium Foam Sponge Scourer, Eco-Friendly, Comfortable Grip, Value Pack 10 Pcs, Multi Colours",Cleaning & Hygiene Supplies ,Lulu - Amazon ,High
2024,25/02/2024,7.40,Bayara Garlic Powder 200g,Food Consumable,Lulu - Amazon ,High
2024,25/02/2024,3.95,Fresh Beef Bones 500g,Food Consumable,Lulu - Amazon ,High
2024,02/03/2024,27.05,"Sanita Club Garbage Bags Twin Pack Roll , 55 Gallons X-Large ,30 Bags",Cleaning & Hygiene Supplies ,Amazon.ae,High
2024,20/03/2024,29.00,Tramontina 4 Piece Knives Set - Stainless Steel Professional Chef Knives set with Plywood handles.,Kitchen Acessories ,Amazon.ae,High
2024,02/03/2024,32.85,"
Oral B Pro-Expert Pulsar Toothbrush, Multi Colour, Assorted, 35 Medium",Toiletries ,Amazon.ae,High
2024,29/03/2024,"4,599.00","Apple 2024 MacBook Air (13-inch, Apple M3 chip with 8‑core CPU and 8‑core GPU, 8GB Unified Memory, 256GB) - Silver",Electronics,Amazon.ae,High
2024,29/03/2024,32.39,"Waterproof Desk Mat,Dual-Sided Writing Pad, PU Leather Desk Pad,Scratch-Resistant Desk Protector Writing Mat,Easy Storage Mouse Pad for Office/Home (D",Home Imporvement,SUYAYA_UAE,High
2024,30/03/2024,59.60,Python for Data Science For Dummies,Books ,BooksMart_UAE,High
2024,30/03/2024,66.99,"MOSISO Compatible with MacBook Air 13.6 inch Case 2024 2023 2022 Release M3 A3113 M2 A2681 with Liquid Retina Display & Touch ID, Protective Plastic H",Gadget Acessories,Valuabledeal,High
2024,01/04/2024,266.69,"Optimum Nutrition (ON) Gold Standard 100% Whey Protein Powder Primary Source Isolate, 24 Grams of Protein for Muscle Support and Recovery - French Vanilla Creme, 5 Lbs, 73 Servings (2.27 KG)",Supplements ,Amazon.ae,High
2024,01/04/2024,86.38,Finish Powerball Quantum Ultimate Dishwasher Detergent Tablets for Ultimate Clean & Shine - 32 Tabs (Pack of 3),Cleaning & Hygiene Supplies ,Amazon.ae,High
2024,01/04/2024,31.75,"
Finish Dishwasher Salt - 2 Kg (Pack of 2)",Cleaning & Hygiene Supplies ,Amazon.ae,High
2024,02/04/2024,20.70,"Enviro Guard Enviro Care Trash Bags XX-Small, White, Pack Of 5",Cleaning & Hygiene Supplies ,Amazon.ae,High
2024,02/04/2024,19.99,"RedOne Aqua Hair Wax, Blue",Grooming ,THE COSMETICS MALL,High
2024,02/04/2024,22.90,"
Lenovo Laptop Carrying Case T210, Fits For 15.6-Inch And Tablet, Sleek Design, Durable Water-Repellent Fabric, Business Casual Or School, Gx40Q17231 -",Gadget Acessories,Cap Middle East FZCO,High
2024,09/04/2024,49.95,"
Airtight Food Storage Containers with Lids for Kitchen Organization - Plastic Kitchen Storage Containers for Pantry Organization and Storage - Cereal,",Kitchen Acessories ,MahMir,High
2024,09/04/2024,25.80,Arm & Hammer Cat Litter Deodizer 567g,Pet Acessories,Amazon.ae,High
2024,09/04/2024,16.85,Clorox Liquid Bleach Floral Scent 3.78Litre,Cleaning & Hygiene Supplies ,Amazon.ae,High
2024,18/04/2024,19.85,"Sanita Club Garbage Bags Twin Pack Roll , 55 Gallons X-Large ,30 Bags",Cleaning & Hygiene Supplies ,Amazon.ae,High
2024,21/04/2024,14.30,"Starthi 4 Pieces Thick Non-Slip Elastic Sport Headbands Hair Headbands for Women and Men (Black, Grey)4 Pieces Thick Non-slip Elastic Sport Headbands Football Hair Headbands for Women and Men",Fashion,ull of wind,medium
2024,21/04/2024,102.11,"Optimum Nutrition (ON) Micronized Creatine Monohydrate Powder for Muscle Building Support - Unflavored, 300 Grams, 60 Servings",Supplements ,Amazon.ae,High
2024,21/04/2024,13.50,Soft Tape Measure Retractable Measuring for Body Fabric Sewing Tailor Cloth Knitting Craft Weight Loss Measurements Retractable Black Dual Sided Tape Measure Body Measuring 1 Pack,Miscellaneous,Bon-ae,Low 
2024,25/04/2024,89.00,"Organic Ashwagandha 2,100 mg - 100 Vegan Capsules Pure Organic Ashwagandha Powder with Black Pepper Extract - Natural Anxiety Relief, Mood Enhancer, I",Supplements ,(TheOriginal),High
2024,25/04/2024,24.50,"6 Pieces Kitchen Towel Hooks Round Adhesive Dish Towel Hook Premium Chrome Finish & Easy Installation Wall Mount Hand Towel Hook Ideal as Bathroom, Sh",Home Imporvement,Poopod,High
2024,25/04/2024,7.82,"Royalford Stainless Steel Ginger Grater, Multi-Colour, RF9855",Kitchen Acessories ,Amazon.ae,High
2024,26/04/2024,95.64,"
Bronson Rhodiola Rosea 1000mg Supplement - Adaptogenic Herb for Brain, Stress & Mood Support - Non-GMO, 120 Vegetarian Capsules",Supplements ,Esthetica,High
2024,26/04/2024,37.66,"TruSkin Vitamin C Serum for Face, Anti Aging Serum with Hyaluronic Acid, Vitamin E, Organic Aloe Vera and Jojoba Oil, Hydrating & Brightening Serum for Dark Spots, Fine Lines and Wrinkles, 1 fl oz",Grooming ,Daily Detox Solutions,High
2024,26/04/2024,30.45,"The Derma Co 1% Hyaluronic Sunscreen Aqua Ultra Light Gel with SPF 50 PA++++ For Broad Spectrum, UV A, UV B & Blue Light Protection - 50g(dermaco)",Grooming ,MULTI BRANDS DXB,High
2024,01/05/2024,32.90,"SKY-TOUCH Large Laundry Basket Bags Foldable,3-Section Laundry Hamper Portable Dirty Clothes Bag Sorter with Handle,Large Capacity Fabric Washing Storage Baskets for Bathroom Bedroom Home 135L",Garments & Laundry Supplies,Amazon.ae,High
2024,02/05/2024,18.52,"SHOWAY 3PCS Mug Hooks Under Shelf Mug Holder Cups Storage Rack Drilling Free Coffee Cups Holder Kitchen Belts Scarf Hanging Hooks Rack,Fit for Flat Buttom Cabinet Without Any Lip,|Random Color|",Home Imporvement,Amazon.ae,High
2024,02/05/2024,51.30,"Sensodyne Multi Care + Whitening Toothpaste For Sensitive Teeth, Superior Whitening Action, 75Ml, Pack Of 2",Toiletries ,Amazon.ae,High
2024,02/05/2024,50.00,"Old Spice Original Shower Gel For Men, 3 x 250 ml",Toiletries , beauty link,High
2024,02/05/2024,95.00,Sadia Tender Chicken Breast 2kg + 1kg,Food Consumable,Lulu - Amazon ,High
2024,03/05/2024,12.04,Cello Special Valentine Gift Cello Signature Carbon Ball Pen | Blue Pack of 1 Premium for Smooth Writing Gifting Pens,Stationary ,Amazon.ae,High
2024,03/05/2024,11.03,CELLO TOP BALL RETRACTABLE PEN 0.7MM BLISTER OF 5PC BLUE,Stationary ,Amazon.ae,High
2024,04/05/2024,71.98,"ENSARTE Nonstick Frying Pan Skillet, Swiss Granite Coating Omelette Pan, Healthy Stone Cookware Chef's Pan, PFOA Free (20/24/26/28/32 cm) (24cm)",Kitchen Acessories ,sensarte-AE,High
2024,04/05/2024,87.96,"SENSARTE Nonstick Frying Pan Skillet, Swiss Granite Coating Omelette Pan, Healthy Stone Cookware Chef's Pan, PFOA Free (20/24/26/28/32 cm) (28 cm)",Kitchen Acessories ,sensarte-AE,High
2024,04/05/2024,143.99,"Shoe Box, Shoe Storage Boxes Clear Plastic Stackable, Shoe Organizer Containers with Lids for Women/Men 34.5 x 27 x 19 cm(6 Pcs)",Sneaker Acessories ,Fohome store,High
2024,04/05/2024,14.99,"MARKQ [100 Cups] 4 oz. White Paper Cups- Available in 7oz, 8oz, 12oz, 16oz- Small Disposable Espresso, Qahwa, Bathroom, Mouthwash Cups",Coffee Acessories ,Amazon.ae,High
2024,04/05/2024,92.77,"4 Pack Shoe Storage Boxes, Clear Plastic Stackable Shoe Organizer Bins, Drawer Type Front Opening Shoe Holder Containers",Sneaker Acessories ,BePrincess,High
2024,04/05/2024,13.75,"MARKQ 175 Pcs Rectangle Page Markers, Post-It Sticky Notes Tab, Writeable Labels for Page Marking, Flag Book Markers Index Tab for Home School Office Supplies (7 colors)",Stationary ,Amazon.ae,High
2024,04/05/2024,16.00,MAXI WIRE-O-COLORED POLYPROPYLENE NOTEBOOK A5 80 SHEETS,Stationary ,Amazon.ae,High